Data,Hor√°rio,Tensao_Fase_B,Tensao_De_Linha_BC,Corrente_Fase_B,Potencia_Ativa_Fase_B,fator_De_Potencia_Fase_B,Potencia_Reativa_Fase_B,Potencia_Aparente_Fase_B,Frequencia_Fase_B,Intervalos em Hora,C (Wh),C (kWh)
23/05/2025,00:00:00,"222,48","385,35","1,19","257,05","0,97","62,65","264,58","60,04","0,05","12,85","0,01"
23/05/2025,00:03:00,"223,09","386,40","0,59","126,36","0,96","36,02","131,39","59,90","0,05","19,17","0,02"
23/05/2025,00:06:00,"222,24","384,93","0,85","178,99","0,95","59,40","188,59","59,98","0,05","28,12","0,03"
23/05/2025,00:09:00,"221,35","383,38","1,14","246,89","0,98","54,14","252,76","60,10","0,05","40,46","0,04"
23/05/2025,00:12:00,"222,61","385,57","1,38","308,00","1,00","0,00","308,00","60,05","0,05","55,86","0,06"
23/05/2025,00:15:00,"224,10","388,15","1,60","351,17","0,98","70,96","358,27","60,03","0,05","73,42","0,07"
23/05/2025,00:18:00,"224,12","388,19","1,00","215,47","0,96","63,29","224,58","60,01","0,05","84,20","0,08"
23/05/2025,00:21:00,"221,32","383,34","0,42","91,20","0,98","18,69","93,10","59,97","0,05","88,76","0,09"
23/05/2025,00:24:00,"223,72","387,49","0,18","38,60","0,96","11,73","40,34","60,09","0,05","90,69","0,09"
23/05/2025,00:27:00,"223,16","386,52","0,79","173,79","0,98","31,00","176,53","60,02","0,05","99,38","0,10"
23/05/2025,00:30:00,"221,95","384,43","0,64","138,59","0,97","32,88","142,43","60,00","0,05","106,31","0,11"
23/05/2025,00:33:00,"221,77","384,12","0,80","169,37","0,96","49,69","176,50","59,99","0,05","114,77","0,11"
23/05/2025,00:36:00,"221,90","384,34","0,67","146,32","0,99","22,87","148,10","60,01","0,05","122,09","0,12"
23/05/2025,00:39:00,"222,53","385,43","0,38","83,93","0,99","8,67","84,37","60,08","0,05","126,29","0,13"
23/05/2025,00:42:00,"224,30","388,50","0,27","57,73","0,96","16,14","59,95","59,88","0,05","129,17","0,13"
23/05/2025,00:45:00,"222,09","384,67","0,44","92,49","0,94","34,80","98,82","59,80","0,05","133,80","0,13"
23/05/2025,00:48:00,"223,12","386,45","0,18","38,74","0,95","13,24","40,94","60,00","0,05","135,73","0,14"
23/05/2025,00:51:00,"222,73","385,78","0,27","58,86","0,96","16,14","61,03","60,02","0,05","138,68","0,14"
23/05/2025,00:54:00,"223,16","386,53","1,03","223,95","0,98","47,96","229,03","60,16","0,05","149,88","0,15"
23/05/2025,00:57:00,"222,94","386,15","1,23","271,79","0,99","33,26","273,81","59,96","0,05","163,46","0,16"
23/05/2025,01:00:00,"221,94","384,42","0,76","162,49","0,96","47,72","169,35","60,11","0,05","171,59","0,17"
23/05/2025,01:03:00,"222,01","384,53","1,25","261,15","0,94","93,20","277,28","59,89","0,05","184,65","0,18"
23/05/2025,01:06:00,"222,08","384,66","0,73","156,30","0,96","42,55","161,99","60,05","0,05","192,46","0,19"
23/05/2025,01:09:00,"223,51","387,13","0,89","188,12","0,95","63,52","198,56","59,96","0,05","201,87","0,20"
23/05/2025,01:12:00,"221,65","383,92","0,15","31,22","0,96","8,82","32,44","59,92","0,05","203,43","0,20"
23/05/2025,01:15:00,"222,96","386,18","1,06","227,96","0,96","65,33","237,13","60,01","0,05","214,83","0,21"
23/05/2025,01:18:00,"222,96","386,17","0,28","59,45","0,96","17,87","62,08","59,95","0,05","217,80","0,22"
23/05/2025,01:21:00,"221,82","384,20","0,32","68,13","0,95","22,63","71,79","60,07","0,05","221,21","0,22"
23/05/2025,01:24:00,"223,39","386,92","0,83","182,37","0,99","31,35","185,05","60,06","0,05","230,32","0,23"
23/05/2025,01:27:00,"223,59","387,27","1,42","303,05","0,95","94,60","317,47","60,03","0,05","245,48","0,25"
23/05/2025,01:30:00,"223,78","387,59","1,34","290,93","0,97","72,35","299,79","59,85","0,05","260,02","0,26"
23/05/2025,01:33:00,"222,68","385,69","0,91","201,24","0,99","30,57","203,55","60,00","0,05","270,08","0,27"
23/05/2025,01:36:00,"223,01","386,27","0,36","77,17","0,97","18,11","79,27","60,09","0,05","273,94","0,27"
23/05/2025,01:39:00,"222,35","385,12","0,85","176,68","0,94","65,53","188,44","59,86","0,05","282,78","0,28"
23/05/2025,01:42:00,"222,73","385,79","1,40","302,72","0,97","74,65","311,79","60,01","0,05","297,91","0,30"
23/05/2025,01:45:00,"221,86","384,27","1,30","280,21","0,97","68,56","288,48","60,11","0,05","311,92","0,31"
23/05/2025,01:48:00,"222,39","385,19","0,88","194,91","0,99","22,41","196,19","60,04","0,05","321,67","0,32"
23/05/2025,01:51:00,"221,81","384,19","1,26","268,04","0,96","82,55","280,46","60,04","0,05","335,07","0,34"
23/05/2025,01:54:00,"222,78","385,87","1,53","333,52","0,98","65,57","339,90","59,88","0,05","351,75","0,35"
23/05/2025,01:57:00,"219,66","380,46","0,78","163,21","0,96","50,57","170,87","60,05","0,05","359,91","0,36"
23/05/2025,02:00:00,"222,24","384,92","1,25","265,45","0,96","79,90","277,21","60,02","0,05","373,18","0,37"
23/05/2025,02:03:00,"221,78","384,14","1,27","278,94","0,99","39,85","281,78","60,09","0,05","387,13","0,39"
23/05/2025,02:06:00,"222,12","384,73","0,84","185,55","0,99","27,57","187,59","60,04","0,05","396,41","0,40"
23/05/2025,02:09:00,"223,02","386,28","0,24","53,39","0,98","10,10","54,34","60,08","0,05","399,07","0,40"
23/05/2025,02:12:00,"221,12","382,99","0,84","185,29","1,00","0,00","185,29","60,18","0,05","408,34","0,41"
23/05/2025,02:15:00,"221,14","383,03","0,45","97,72","0,98","22,09","100,18","59,96","0,05","413,23","0,41"
23/05/2025,02:18:00,"222,31","385,06","0,42","93,39","1,00","6,49","93,62","60,10","0,05","417,89","0,42"
23/05/2025,02:21:00,"223,40","386,94","1,35","295,78","0,98","55,13","300,87","60,08","0,05","432,68","0,43"
23/05/2025,02:24:00,"223,64","387,35","0,32","69,74","0,96","19,12","72,31","59,87","0,05","436,17","0,44"
23/05/2025,02:27:00,"223,38","386,91","1,26","264,35","0,94","98,95","282,27","59,95","0,05","449,39","0,45"
23/05/2025,02:30:00,"222,93","386,12","0,22","48,54","0,99","5,86","48,89","59,85","0,05","451,82","0,45"
23/05/2025,02:33:00,"222,41","385,22","0,52","114,96","0,99","15,19","115,96","59,98","0,05","457,56","0,46"
23/05/2025,02:36:00,"221,81","384,18","1,25","270,94","0,98","58,23","277,13","59,96","0,05","471,11","0,47"
23/05/2025,02:39:00,"221,34","383,37","0,16","36,14","1,00","2,76","36,25","60,06","0,05","472,92","0,47"
23/05/2025,02:42:00,"223,31","386,79","0,58","128,01","0,99","13,42","128,71","60,13","0,05","479,32","0,48"
23/05/2025,02:45:00,"222,25","384,94","1,07","235,69","0,99","30,37","237,64","59,93","0,05","491,10","0,49"
23/05/2025,02:48:00,"221,18","383,09","1,07","227,46","0,96","68,97","237,69","59,98","0,05","502,48","0,50"
23/05/2025,02:51:00,"224,24","388,39","0,95","208,86","0,98","40,93","212,83","60,18","0,05","512,92","0,51"
23/05/2025,02:54:00,"224,40","388,68","1,26","273,05","0,97","71,03","282,14","59,91","0,05","526,57","0,53"
23/05/2025,02:57:00,"224,23","388,37","0,33","72,68","0,98","13,13","73,86","60,03","0,05","530,21","0,53"
23/05/2025,03:00:00,"222,58","385,53","0,82","180,26","0,99","29,64","182,68","59,93","0,05","539,22","0,54"
23/05/2025,03:03:00,"222,60","385,55","1,33","288,77","0,98","64,50","295,88","59,91","0,05","553,66","0,55"
23/05/2025,03:06:00,"222,32","385,07","0,84","180,58","0,96","50,52","187,51","60,08","0,05","562,69","0,56"
23/05/2025,03:09:00,"222,40","385,22","1,49","314,67","0,95","106,88","332,32","59,97","0,05","578,42","0,58"
23/05/2025,03:12:00,"221,86","384,27","1,44","313,29","0,98","58,76","318,75","59,96","0,05","594,08","0,59"
23/05/2025,03:15:00,"223,05","386,34","0,85","188,84","1,00","0,00","188,84","60,02","0,05","603,53","0,60"
23/05/2025,03:18:00,"221,26","383,24","0,25","54,88","0,99","5,94","55,20","60,02","0,05","606,27","0,61"
23/05/2025,03:21:00,"222,54","385,45","0,74","155,01","0,94","54,71","164,38","60,00","0,05","614,02","0,61"
23/05/2025,03:24:00,"223,55","387,19","1,04","228,62","0,98","43,29","232,68","59,93","0,05","625,45","0,63"
23/05/2025,03:27:00,"225,04","389,79","1,27","275,58","0,96","75,51","285,73","60,07","0,05","639,23","0,64"
23/05/2025,03:30:00,"221,56","383,75","0,84","178,14","0,95","56,19","186,79","60,10","0,05","648,14","0,65"
23/05/2025,03:33:00,"224,25","388,41","0,27","58,80","0,96","16,91","61,18","59,90","0,05","651,08","0,65"
23/05/2025,03:36:00,"223,85","387,72","0,63","137,03","0,97","32,78","140,90","59,94","0,05","657,93","0,66"
23/05/2025,03:39:00,"222,68","385,69","1,09","243,66","1,00","0,00","243,66","60,00","0,05","670,11","0,67"
23/05/2025,03:42:00,"222,33","385,08","0,39","84,05","0,97","21,89","86,86","60,00","0,05","674,31","0,67"
23/05/2025,03:45:00,"220,89","382,59","0,44","96,14","0,98","19,37","98,07","60,14","0,05","679,12","0,68"
23/05/2025,03:48:00,"223,48","387,07","0,48","105,09","0,97","25,77","108,20","59,85","0,05","684,38","0,68"
23/05/2025,03:51:00,"223,56","387,21","0,14","29,61","0,95","9,21","31,01","60,04","0,05","685,86","0,69"
23/05/2025,03:54:00,"222,98","386,22","0,41","89,91","0,98","16,29","91,38","59,76","0,05","690,35","0,69"
23/05/2025,03:57:00,"221,44","383,54","1,39","300,74","0,98","66,91","308,09","60,00","0,05","705,39","0,71"
23/05/2025,04:00:00,"222,94","386,15","1,10","238,28","0,97","62,03","246,22","59,97","0,05","717,30","0,72"
23/05/2025,04:03:00,"223,03","386,30","0,47","103,19","0,99","15,05","104,28","60,01","0,05","722,46","0,72"
23/05/2025,04:06:00,"222,77","385,84","1,17","256,68","0,98","47,61","261,06","60,00","0,05","735,30","0,74"
23/05/2025,04:09:00,"223,45","387,03","0,82","177,79","0,97","47,96","184,15","59,91","0,05","744,19","0,74"
23/05/2025,04:12:00,"221,31","383,32","0,22","48,65","0,98","8,87","49,45","59,98","0,05","746,62","0,75"
23/05/2025,04:15:00,"222,46","385,32","1,18","248,10","0,94","89,05","263,60","60,08","0,05","759,02","0,76"
23/05/2025,04:18:00,"221,35","383,39","1,06","230,17","0,99","40,27","233,66","59,79","0,05","770,53","0,77"
23/05/2025,04:21:00,"221,35","383,39","1,17","245,24","0,94","84,93","259,53","60,02","0,05","782,79","0,78"
23/05/2025,04:24:00,"221,48","383,62","1,20","265,21","1,00","23,74","266,27","59,96","0,05","796,05","0,80"
23/05/2025,04:27:00,"223,38","386,90","0,81","175,42","0,97","41,74","180,31","60,06","0,05","804,83","0,80"
23/05/2025,04:30:00,"222,01","384,53","1,15","255,80","1,00","15,58","256,28","60,24","0,05","817,62","0,82"
23/05/2025,04:33:00,"221,84","384,24","0,88","188,64","0,97","50,01","195,16","60,09","0,05","827,05","0,83"
23/05/2025,04:36:00,"221,32","383,34","0,46","96,81","0,96","27,91","100,75","60,09","0,05","831,89","0,83"
23/05/2025,04:39:00,"224,11","388,17","0,93","209,34","1,00","5,30","209,41","60,13","0,05","842,36","0,84"
23/05/2025,04:42:00,"222,80","385,90","0,86","187,21","0,97","45,47","192,66","60,07","0,05","851,72","0,85"
23/05/2025,04:45:00,"222,27","384,98","0,30","63,06","0,96","19,56","66,02","59,96","0,05","854,87","0,85"
23/05/2025,04:48:00,"221,81","384,18","0,98","214,08","0,99","32,06","216,47","59,98","0,05","865,57","0,87"
23/05/2025,04:51:00,"222,94","386,14","0,30","65,17","0,99","9,28","65,83","59,99","0,05","868,83","0,87"
23/05/2025,04:54:00,"223,46","387,04","1,14","248,14","0,98","56,33","254,46","60,04","0,05","881,24","0,88"
23/05/2025,04:57:00,"220,75","382,35","0,81","177,18","0,99","21,63","178,49","60,13","0,05","890,10","0,89"
23/05/2025,05:00:00,"224,07","388,10","1,44","319,04","0,99","48,90","322,77","60,05","0,05","906,05","0,91"
23/05/2025,05:03:00,"222,23","384,91","1,58","348,20","0,99","48,60","351,58","59,96","0,05","923,46","0,92"
23/05/2025,05:06:00,"223,32","386,80","1,36","291,67","0,96","82,13","303,01","60,09","0,05","938,04","0,94"
23/05/2025,05:09:00,"222,24","384,94","0,73","157,69","0,97","37,93","162,19","59,85","0,05","945,93","0,95"
23/05/2025,05:12:00,"221,55","383,74","0,38","80,54","0,97","20,79","83,18","59,93","0,05","949,96","0,95"
23/05/2025,05:15:00,"222,68","385,69","1,04","221,95","0,96","64,62","231,16","59,90","0,05","961,05","0,96"
23/05/2025,05:18:00,"223,04","386,31","1,04","224,50","0,97","59,15","232,16","60,06","0,05","972,28","0,97"
23/05/2025,05:21:00,"222,06","384,62","0,86","187,49","0,98","34,04","190,55","59,99","0,05","981,65","0,98"
23/05/2025,05:24:00,"223,05","386,33","0,63","137,81","0,98","29,43","140,92","60,26","0,05","988,54","0,99"
23/05/2025,05:27:00,"225,59","390,73","1,20","270,19","1,00","13,79","270,54","60,11","0,05","1002,05","1,00"
23/05/2025,05:30:00,"221,61","383,85","0,81","175,84","0,98","31,46","178,63","59,99","0,05","1010,84","1,01"
23/05/2025,05:33:00,"221,59","383,81","1,59","334,10","0,95","114,20","353,08","60,04","0,05","1027,55","1,03"
23/05/2025,05:36:00,"223,64","387,35","1,30","282,05","0,97","67,76","290,08","59,82","0,05","1041,65","1,04"
23/05/2025,05:39:00,"222,42","385,24","0,44","95,86","0,99","16,28","97,23","60,05","0,05","1046,44","1,05"
23/05/2025,05:42:00,"223,75","387,55","1,05","222,44","0,95","74,97","234,73","60,05","0,05","1057,57","1,06"
23/05/2025,05:45:00,"221,00","382,78","0,19","39,76","0,94","15,04","42,51","60,05","0,05","1059,55","1,06"
23/05/2025,05:48:00,"222,39","385,19","0,90","193,16","0,97","49,99","199,52","60,01","0,05","1069,21","1,07"
23/05/2025,05:51:00,"221,35","383,39","0,84","181,06","0,97","43,53","186,22","59,87","0,05","1078,27","1,08"
23/05/2025,05:54:00,"221,38","383,44","0,94","203,58","0,98","39,08","207,30","60,11","0,05","1088,44","1,09"
23/05/2025,05:57:00,"222,48","385,35","0,32","67,92","0,96","19,63","70,70","60,06","0,05","1091,84","1,09"
23/05/2025,06:00:00,"222,39","385,18","5,65","1220,56","0,97","299,86","1256,86","60,02","0,05","1152,87","1,15"
23/05/2025,06:03:00,"223,93","387,86","1,16","243,73","0,94","88,53","259,31","60,03","0,05","1165,06","1,17"
23/05/2025,06:06:00,"223,37","386,90","1,42","286,66","0,90","138,02","318,16","59,95","0,05","1179,39","1,18"
23/05/2025,06:09:00,"221,13","383,01","6,02","1223,84","0,92","525,46","1331,87","59,98","0,05","1240,58","1,24"
23/05/2025,06:12:00,"224,19","388,31","3,67","771,61","0,94","285,10","822,59","60,01","0,05","1279,16","1,28"
23/05/2025,06:15:00,"221,55","383,74","1,84","378,46","0,93","152,40","407,99","60,09","0,05","1298,08","1,30"
23/05/2025,06:18:00,"221,92","384,37","5,45","1205,60","1,00","93,90","1209,25","60,06","0,05","1358,36","1,36"
23/05/2025,06:21:00,"222,50","385,39","1,58","329,17","0,94","124,30","351,86","59,86","0,05","1374,82","1,37"
23/05/2025,06:24:00,"223,49","387,09","2,25","491,23","0,98","103,09","501,93","60,00","0,05","1399,38","1,40"
23/05/2025,06:27:00,"224,25","388,41","3,27","722,95","0,99","119,37","732,74","60,00","0,05","1435,53","1,44"
23/05/2025,06:30:00,"224,05","388,07","4,38","946,32","0,96","262,42","982,03","59,88","0,05","1482,85","1,48"
23/05/2025,06:33:00,"223,52","387,15","2,22","467,57","0,94","164,19","495,56","60,05","0,05","1506,23","1,51"
23/05/2025,06:36:00,"222,54","385,45","1,26","267,28","0,95","84,34","280,27","60,05","0,05","1519,59","1,52"
23/05/2025,06:39:00,"220,64","382,17","6,46","1365,31","0,96","405,72","1424,32","60,17","0,05","1587,86","1,59"
23/05/2025,06:42:00,"222,92","386,10","3,47","764,65","0,99","114,99","773,25","60,09","0,05","1626,09","1,63"
23/05/2025,06:45:00,"223,87","387,75","2,84","598,85","0,94","211,45","635,08","60,03","0,05","1656,03","1,66"
23/05/2025,06:48:00,"221,55","383,74","5,27","1158,48","0,99","151,21","1168,30","60,10","0,05","1713,95","1,71"
23/05/2025,06:51:00,"221,93","384,39","5,75","1203,09","0,94","425,31","1276,05","59,99","0,05","1774,11","1,77"
23/05/2025,06:54:00,"224,39","388,66","1,38","300,34","0,97","76,18","309,85","59,96","0,05","1789,13","1,79"
23/05/2025,06:57:00,"223,12","386,45","5,19","1119,01","0,97","302,16","1159,09","60,11","0,05","1845,08","1,85"
23/05/2025,07:00:00,"220,57","382,04","3,40","676,38","0,90","324,46","750,18","60,21","0,05","1878,89","1,88"
23/05/2025,07:03:00,"222,27","384,98","5,55","1168,46","0,95","398,93","1234,68","59,89","0,05","1937,32","1,94"
23/05/2025,07:06:00,"224,70","389,19","1,79","386,81","0,96","106,92","401,32","60,02","0,05","1956,66","1,96"
23/05/2025,07:09:00,"222,93","386,13","5,46","1107,46","0,91","507,40","1218,16","59,91","0,05","2012,03","2,01"
23/05/2025,07:12:00,"222,24","384,93","2,93","596,41","0,92","261,44","651,19","59,93","0,05","2041,85","2,04"
23/05/2025,07:15:00,"220,88","382,58","1,89","409,77","0,98","76,01","416,76","59,86","0,05","2062,34","2,06"
23/05/2025,07:18:00,"222,48","385,34","5,64","1194,90","0,95","386,09","1255,72","59,86","0,05","2122,09","2,12"
23/05/2025,07:21:00,"222,45","385,30","1,50","316,62","0,95","105,40","333,70","59,98","0,05","2137,92","2,14"
23/05/2025,07:24:00,"224,67","389,14","1,78","362,85","0,91","169,07","400,31","60,07","0,05","2156,06","2,16"
23/05/2025,07:27:00,"223,70","387,45","1,89","403,62","0,96","123,30","422,03","60,00","0,05","2176,24","2,18"
23/05/2025,07:30:00,"223,57","387,24","4,40","940,15","0,96","290,59","984,03","59,86","0,05","2223,25","2,22"
23/05/2025,07:33:00,"223,44","387,00","2,28","501,45","0,99","85,06","508,62","59,97","0,05","2248,32","2,25"
23/05/2025,07:36:00,"223,10","386,43","4,75","979,80","0,92","406,00","1060,59","60,19","0,05","2297,31","2,30"
23/05/2025,07:39:00,"222,67","385,68","2,46","528,02","0,96","148,08","548,39","59,97","0,05","2323,71","2,32"
23/05/2025,07:42:00,"221,86","384,28","5,75","1231,85","0,97","332,59","1275,96","60,02","0,05","2385,30","2,39"
23/05/2025,07:45:00,"222,51","385,40","5,47","1180,48","0,97","295,96","1217,01","59,83","0,05","2444,33","2,44"
23/05/2025,07:48:00,"222,33","385,08","5,35","1128,86","0,95","372,14","1188,61","60,20","0,05","2500,77","2,50"
23/05/2025,07:51:00,"222,71","385,74","5,34","1055,99","0,89","548,47","1189,93","60,05","0,05","2553,57","2,55"
23/05/2025,07:54:00,"223,42","386,97","6,29","1350,22","0,96","392,76","1406,18","60,10","0,05","2621,08","2,62"
23/05/2025,07:57:00,"221,93","384,39","4,80","1021,73","0,96","300,47","1064,99","60,10","0,05","2672,17","2,67"
23/05/2025,08:00:00,"221,13","383,01","5,02","1033,18","0,93","403,65","1109,23","59,91","0,05","2723,83","2,72"
23/05/2025,08:03:00,"222,36","385,14","2,74","567,00","0,93","224,37","609,78","60,01","0,05","2752,18","2,75"
23/05/2025,08:06:00,"222,33","385,09","2,18","467,93","0,96","128,72","485,31","60,01","0,05","2775,57","2,78"
23/05/2025,08:09:00,"222,17","384,81","1,44","296,40","0,93","119,88","319,72","59,95","0,05","2790,39","2,79"
23/05/2025,08:12:00,"222,50","385,38","3,71","758,07","0,92","325,44","824,97","59,93","0,05","2828,30","2,83"
23/05/2025,08:15:00,"221,80","384,17","3,14","665,59","0,96","204,55","696,32","60,01","0,05","2861,58","2,86"
23/05/2025,08:18:00,"222,73","385,78","2,77","591,67","0,96","173,20","616,50","59,96","0,05","2891,16","2,89"
23/05/2025,08:21:00,"222,05","384,60","1,94","410,02","0,95","129,45","429,97","60,12","0,05","2911,66","2,91"
23/05/2025,08:24:00,"221,59","383,80","5,06","1110,69","0,99","145,79","1120,22","59,97","0,05","2967,19","2,97"
23/05/2025,08:27:00,"223,33","386,82","3,50","713,37","0,91","320,71","782,15","59,92","0,05","3002,86","3,00"
23/05/2025,08:30:00,"221,95","384,43","6,23","1241,48","0,90","606,50","1381,71","59,82","0,05","3064,94","3,06"
23/05/2025,08:33:00,"222,82","385,93","2,20","475,04","0,97","119,70","489,89","59,90","0,05","3088,69","3,09"
23/05/2025,08:36:00,"222,97","386,20","5,93","1249,37","0,94","433,92","1322,58","59,99","0,05","3151,16","3,15"
23/05/2025,08:39:00,"223,89","387,78","2,22","469,85","0,95","162,20","497,06","60,10","0,05","3174,65","3,17"
23/05/2025,08:42:00,"220,63","382,14","2,52","518,12","0,93","203,19","556,54","60,04","0,05","3200,56","3,20"
23/05/2025,08:45:00,"222,09","384,68","1,54","317,61","0,93","126,60","341,92","60,02","0,05","3216,44","3,22"
23/05/2025,08:48:00,"221,14","383,03","5,31","1169,59","1,00","111,44","1174,89","60,00","0,05","3274,92","3,27"
23/05/2025,08:51:00,"222,81","385,92","2,79","579,54","0,93","224,04","621,34","60,26","0,05","3303,89","3,30"
23/05/2025,08:54:00,"222,12","384,72","4,84","968,70","0,90","463,88","1074,04","60,13","0,05","3352,33","3,35"
23/05/2025,08:57:00,"222,85","385,99","1,77","352,56","0,89","177,88","394,89","60,03","0,05","3369,96","3,37"
23/05/2025,09:00:00,"221,51","383,67","4,84","1020,65","0,95","324,88","1071,11","60,14","0,05","3420,99","3,42"
23/05/2025,09:03:00,"223,65","387,37","4,65","996,34","0,96","295,69","1039,29","60,06","0,05","3470,81","3,47"
23/05/2025,09:06:00,"223,10","386,43","1,97","403,57","0,92","173,05","439,11","59,90","0,05","3490,99","3,49"
23/05/2025,09:09:00,"222,51","385,39","1,46","300,88","0,93","123,47","325,23","60,10","0,05","3506,03","3,51"
23/05/2025,09:12:00,"221,30","383,31","3,73","766,01","0,93","307,94","825,59","59,90","0,05","3544,33","3,54"
23/05/2025,09:15:00,"222,88","386,04","6,15","1308,02","0,95","408,72","1370,39","60,07","0,05","3609,73","3,61"
23/05/2025,09:18:00,"223,82","387,67","2,87","601,56","0,94","222,18","641,28","60,07","0,05","3639,81","3,64"
23/05/2025,09:21:00,"223,37","386,89","5,36","1078,32","0,90","518,05","1196,30","60,06","0,05","3693,72","3,69"
23/05/2025,09:24:00,"222,10","384,68","2,17","433,87","0,90","209,80","481,94","59,95","0,05","3715,42","3,72"
23/05/2025,09:27:00,"221,95","384,43","2,68","578,57","0,97","136,28","594,40","59,78","0,05","3744,35","3,74"
23/05/2025,09:30:00,"221,73","384,04","7,06","1486,98","0,95","491,06","1565,97","60,01","0,05","3818,69","3,82"
23/05/2025,09:33:00,"223,28","386,73","6,11","1339,56","0,98","259,00","1364,37","60,05","0,05","3885,67","3,89"
23/05/2025,09:36:00,"222,80","385,90","3,15","682,86","0,97","157,30","700,74","60,20","0,05","3919,82","3,92"
23/05/2025,09:39:00,"222,46","385,31","1,10","230,33","0,94","80,21","243,89","60,23","0,05","3931,33","3,93"
23/05/2025,09:42:00,"223,24","386,67","6,02","1232,70","0,92","537,76","1344,89","60,02","0,05","3992,97","3,99"
23/05/2025,09:45:00,"220,13","381,28","4,72","991,84","0,95","312,88","1040,02","59,98","0,05","4042,56","4,04"
23/05/2025,09:48:00,"221,45","383,57","2,53","514,03","0,92","221,52","559,73","59,99","0,05","4068,26","4,07"
23/05/2025,09:51:00,"225,33","390,28","5,44","1098,77","0,90","545,32","1226,65","60,02","0,05","4123,20","4,12"
23/05/2025,09:54:00,"219,78","380,67","4,40","916,31","0,95","308,40","966,82","59,83","0,05","4169,01","4,17"
23/05/2025,09:57:00,"221,83","384,21","4,02","816,91","0,92","357,54","891,72","60,02","0,05","4209,86","4,21"
23/05/2025,10:00:00,"223,64","387,35","1,17","254,22","0,97","60,30","261,27","59,82","0,05","4222,57","4,22"
23/05/2025,10:03:00,"224,02","388,02","2,17","440,71","0,91","202,86","485,16","60,17","0,05","4244,61","4,24"
23/05/2025,10:06:00,"222,64","385,63","2,63","552,34","0,94","192,38","584,89","59,93","0,05","4272,22","4,27"
23/05/2025,10:09:00,"223,07","386,38","6,40","1323,76","0,93","534,34","1427,53","59,82","0,05","4338,41","4,34"
23/05/2025,10:12:00,"222,77","385,86","1,01","204,76","0,91","94,98","225,72","59,98","0,05","4348,65","4,35"
23/05/2025,10:15:00,"222,77","385,86","2,65","565,37","0,96","170,07","590,39","59,91","0,05","4376,92","4,38"
23/05/2025,10:18:00,"221,82","384,20","6,49","1308,77","0,91","602,27","1440,69","60,11","0,05","4442,36","4,44"
23/05/2025,10:21:00,"223,30","386,77","2,54","549,10","0,97","144,79","567,87","59,84","0,05","4469,81","4,47"
23/05/2025,10:24:00,"220,18","381,36","3,57","760,42","0,97","198,67","785,94","60,01","0,05","4507,83","4,51"
23/05/2025,10:27:00,"222,97","386,19","2,49","535,00","0,96","147,60","554,98","60,11","0,05","4534,58","4,53"
23/05/2025,10:30:00,"222,08","384,66","3,69","746,41","0,91","335,88","818,50","60,18","0,05","4571,90","4,57"
23/05/2025,10:33:00,"223,47","387,06","4,88","1024,72","0,94","372,54","1090,34","60,08","0,05","4623,14","4,62"
23/05/2025,10:36:00,"221,52","383,68","4,19","861,25","0,93","344,47","927,59","60,01","0,05","4666,20","4,67"
23/05/2025,10:39:00,"222,68","385,70","3,01","621,24","0,93","252,15","670,46","59,95","0,05","4697,26","4,70"
23/05/2025,10:42:00,"223,58","387,25","4,71","1002,57","0,95","319,43","1052,23","60,13","0,05","4747,39","4,75"
23/05/2025,10:45:00,"223,05","386,33","5,97","1218,90","0,92","534,59","1330,98","60,18","0,05","4808,34","4,81"
23/05/2025,10:48:00,"222,38","385,17","2,57","516,68","0,90","246,23","572,35","59,90","0,05","4834,17","4,83"
23/05/2025,10:51:00,"221,13","383,01","3,99","832,51","0,94","292,73","882,47","59,96","0,05","4875,80","4,88"
23/05/2025,10:54:00,"222,37","385,16","5,91","1286,22","0,98","266,81","1313,60","59,85","0,05","4940,11","4,94"
23/05/2025,10:57:00,"220,85","382,53","2,22","468,82","0,96","145,56","490,89","59,88","0,05","4963,55","4,96"
23/05/2025,11:00:00,"222,10","384,69","4,83","956,90","0,89","483,80","1072,25","60,15","0,05","5011,39","5,01"
23/05/2025,11:03:00,"221,72","384,03","5,75","1231,68","0,97","327,60","1274,50","60,06","0,05","5072,98","5,07"
23/05/2025,11:06:00,"223,29","386,74","3,29","703,37","0,96","213,79","735,14","60,04","0,05","5108,15","5,11"
23/05/2025,11:09:00,"221,09","382,94","6,84","1465,34","0,97","370,22","1511,38","60,14","0,05","5181,41","5,18"
23/05/2025,11:12:00,"222,19","384,84","1,77","370,09","0,94","131,94","392,90","59,92","0,05","5199,92","5,20"
23/05/2025,11:15:00,"224,38","388,64","1,32","291,31","0,99","50,27","295,61","59,91","0,05","5214,48","5,21"
23/05/2025,11:18:00,"221,11","382,98","3,67","771,10","0,95","254,30","811,95","59,91","0,05","5253,04","5,25"
23/05/2025,11:21:00,"222,84","385,97","1,69","359,89","0,96","108,06","375,76","60,08","0,05","5271,03","5,27"
23/05/2025,11:24:00,"223,80","387,63","4,03","872,87","0,97","229,81","902,62","59,93","0,05","5314,67","5,31"
23/05/2025,11:27:00,"224,10","388,15","2,03","437,84","0,96","124,65","455,24","59,98","0,05","5336,57","5,34"
23/05/2025,11:30:00,"221,73","384,05","6,77","1411,13","0,94","514,83","1502,11","60,01","0,05","5407,12","5,41"
23/05/2025,11:33:00,"223,27","386,71","2,29","471,05","0,92","200,76","512,05","60,03","0,05","5430,68","5,43"
23/05/2025,11:36:00,"222,59","385,54","1,44","296,01","0,93","120,05","319,43","59,94","0,05","5445,48","5,45"
23/05/2025,11:39:00,"222,00","384,51","3,90","799,66","0,92","329,49","864,89","60,18","0,05","5485,46","5,49"
23/05/2025,11:42:00,"221,36","383,42","3,32","673,11","0,92","294,69","734,79","60,00","0,05","5519,12","5,52"
23/05/2025,11:45:00,"222,02","384,56","6,00","1198,89","0,90","580,40","1331,99","59,91","0,05","5579,06","5,58"
23/05/2025,11:48:00,"222,55","385,47","5,68","1198,70","0,95","404,20","1265,01","60,02","0,05","5638,99","5,64"
23/05/2025,11:51:00,"221,83","384,23","3,10","628,35","0,91","279,82","687,84","59,88","0,05","5670,41","5,67"
23/05/2025,11:54:00,"223,77","387,58","5,79","1229,16","0,95","410,70","1295,96","60,05","0,05","5731,87","5,73"
23/05/2025,11:57:00,"221,21","383,15","2,59","562,24","0,98","105,08","571,97","60,10","0,05","5759,98","5,76"
23/05/2025,12:00:00,"222,52","385,41","2,38","487,09","0,92","210,45","530,61","60,07","0,05","5784,34","5,78"
23/05/2025,12:03:00,"220,75","382,35","4,54","952,68","0,95","311,87","1002,43","60,01","0,05","5831,97","5,83"
23/05/2025,12:06:00,"222,13","384,74","1,29","260,95","0,91","119,27","286,92","60,07","0,05","5845,02","5,85"
23/05/2025,12:09:00,"222,94","386,15","3,29","699,41","0,95","223,75","734,33","59,87","0,05","5879,99","5,88"
23/05/2025,12:12:00,"223,00","386,25","1,23","257,49","0,94","92,30","273,53","59,87","0,05","5892,86","5,89"
23/05/2025,12:15:00,"224,24","388,40","3,57","778,31","0,97","189,01","800,93","59,91","0,05","5931,78","5,93"
23/05/2025,12:18:00,"222,56","385,48","0,87","186,16","0,96","52,44","193,41","59,95","0,05","5941,09","5,94"
23/05/2025,12:21:00,"222,39","385,20","1,20","261,76","0,98","49,63","266,42","59,99","0,05","5954,18","5,95"
23/05/2025,12:24:00,"220,26","381,51","2,75","589,97","0,98","133,22","604,82","60,15","0,05","5983,67","5,98"
23/05/2025,12:27:00,"221,38","383,44","3,13","663,33","0,96","198,00","692,25","60,11","0,05","6016,84","6,02"
23/05/2025,12:30:00,"222,35","385,13","1,99","426,21","0,96","119,03","442,52","59,85","0,05","6038,15","6,04"
23/05/2025,12:33:00,"221,30","383,30","1,17","242,75","0,94","90,04","258,91","60,01","0,05","6050,29","6,05"
23/05/2025,12:36:00,"221,35","383,39","3,57","735,57","0,93","290,67","790,91","59,94","0,05","6087,07","6,09"
23/05/2025,12:39:00,"221,44","383,55","2,35","489,76","0,94","178,32","521,22","59,85","0,05","6111,55","6,11"
23/05/2025,12:42:00,"222,48","385,34","3,33","691,52","0,93","263,31","739,95","59,99","0,05","6146,13","6,15"
23/05/2025,12:45:00,"222,38","385,18","1,73","380,96","0,99","54,87","384,89","59,95","0,05","6165,18","6,17"
23/05/2025,12:48:00,"221,87","384,29","2,50","541,82","0,98","118,25","554,57","60,15","0,05","6192,27","6,19"
23/05/2025,12:51:00,"222,63","385,61","3,61","733,34","0,91","329,40","803,92","60,07","0,05","6228,94","6,23"
23/05/2025,12:54:00,"223,17","386,54","2,81","583,86","0,93","228,10","626,84","59,96","0,05","6258,13","6,26"
23/05/2025,12:57:00,"222,17","384,81","2,93","617,24","0,95","208,26","651,42","60,09","0,05","6288,99","6,29"
23/05/2025,13:00:00,"223,87","387,75","3,40","721,26","0,95","242,94","761,08","59,90","0,05","6325,05","6,33"
23/05/2025,13:03:00,"222,66","385,67","4,03","869,14","0,97","225,63","897,95","59,97","0,05","6368,51","6,37"
23/05/2025,13:06:00,"221,73","384,04","2,87","612,99","0,96","172,65","636,84","59,95","0,05","6399,16","6,40"
23/05/2025,13:09:00,"221,69","383,98","2,16","436,53","0,91","197,89","479,29","60,06","0,05","6420,99","6,42"
23/05/2025,13:12:00,"222,06","384,61","4,47","918,41","0,92","377,80","993,08","59,95","0,05","6466,91","6,47"
23/05/2025,13:15:00,"222,85","385,98","2,04","435,11","0,96","129,84","454,07","60,18","0,05","6488,66","6,49"
23/05/2025,13:18:00,"223,03","386,30","3,92","839,98","0,96","243,92","874,68","60,10","0,05","6530,66","6,53"
23/05/2025,13:21:00,"223,25","386,68","3,56","745,85","0,94","277,20","795,69","60,06","0,05","6567,95","6,57"
23/05/2025,13:24:00,"222,10","384,69","1,55","322,92","0,94","117,64","343,68","59,91","0,05","6584,10","6,58"
23/05/2025,13:27:00,"223,40","386,94","3,68","792,09","0,96","219,15","821,85","59,63","0,05","6623,70","6,62"
23/05/2025,13:30:00,"224,25","388,42","3,48","722,17","0,92","297,70","781,12","59,88","0,05","6659,81","6,66"
23/05/2025,13:33:00,"222,40","385,21","2,69","574,20","0,96","168,25","598,34","59,98","0,05","6688,52","6,69"
23/05/2025,13:36:00,"220,84","382,50","4,18","880,58","0,95","273,51","922,08","60,08","0,05","6732,55","6,73"
23/05/2025,13:39:00,"223,34","386,83","1,41","309,64","0,99","51,87","313,96","59,89","0,05","6748,03","6,75"
23/05/2025,13:42:00,"222,84","385,98","3,80","793,62","0,94","295,63","846,89","60,05","0,05","6787,72","6,79"
23/05/2025,13:45:00,"220,62","382,13","2,16","451,57","0,95","154,79","477,36","60,10","0,05","6810,29","6,81"
23/05/2025,13:48:00,"221,50","383,65","3,47","726,75","0,95","249,55","768,41","60,07","0,05","6846,63","6,85"
23/05/2025,13:51:00,"224,09","388,14","3,22","674,53","0,93","257,60","722,04","59,85","0,05","6880,36","6,88"
23/05/2025,13:54:00,"222,43","385,27","2,58","552,90","0,96","154,66","574,12","60,13","0,05","6908,00","6,91"
23/05/2025,13:57:00,"222,20","384,87","4,30","887,60","0,93","354,99","955,96","60,09","0,05","6952,38","6,95"
23/05/2025,14:00:00,"221,76","384,10","3,67","763,57","0,94","280,97","813,62","60,07","0,05","6990,56","6,99"
23/05/2025,14:03:00,"221,28","383,27","3,34","695,69","0,94","252,33","740,03","59,94","0,05","7025,35","7,03"
23/05/2025,14:06:00,"222,13","384,73","1,02","216,20","0,95","70,94","227,55","60,07","0,05","7036,16","7,04"
23/05/2025,14:09:00,"220,30","381,57","1,34","285,06","0,96","78,36","295,63","59,83","0,05","7050,41","7,05"
23/05/2025,14:12:00,"223,95","387,90","4,62","984,79","0,95","315,31","1034,04","59,96","0,05","7099,65","7,10"
23/05/2025,14:15:00,"222,92","386,12","2,44","514,20","0,95","174,94","543,15","60,11","0,05","7125,36","7,13"
23/05/2025,14:18:00,"221,07","382,91","3,77","782,99","0,94","287,32","834,04","59,99","0,05","7164,51","7,16"
23/05/2025,14:21:00,"223,11","386,44","4,28","871,44","0,91","391,15","955,20","60,12","0,05","7208,08","7,21"
23/05/2025,14:24:00,"223,15","386,51","5,05","1051,91","0,93","403,18","1126,53","59,85","0,05","7260,68","7,26"
23/05/2025,14:27:00,"222,39","385,19","3,14","676,07","0,97","171,28","697,43","60,12","0,05","7294,48","7,29"
23/05/2025,14:30:00,"222,07","384,63","4,35","964,62","1,00","54,64","966,17","60,04","0,05","7342,71","7,34"
23/05/2025,14:33:00,"221,10","382,96","3,97","817,97","0,93","315,58","876,74","59,94","0,05","7383,61","7,38"
23/05/2025,14:36:00,"222,70","385,73","3,81","837,68","0,99","140,14","849,32","60,11","0,05","7425,49","7,43"
23/05/2025,14:39:00,"220,70","382,27","4,54","989,10","0,99","155,41","1001,24","59,97","0,05","7474,95","7,47"
23/05/2025,14:42:00,"221,17","383,08","2,97","645,08","0,98","119,29","656,01","59,97","0,05","7507,20","7,51"
23/05/2025,14:45:00,"222,91","386,09","4,31","920,02","0,96","278,09","961,13","59,85","0,05","7553,20","7,55"
23/05/2025,14:48:00,"220,93","382,67","1,07","220,21","0,93","88,93","237,49","59,90","0,05","7564,21","7,56"
23/05/2025,14:51:00,"223,41","386,95","2,89","623,05","0,97","168,19","645,35","59,93","0,05","7595,37","7,60"
23/05/2025,14:54:00,"220,64","382,15","1,09","231,45","0,96","66,30","240,76","59,91","0,05","7606,94","7,61"
23/05/2025,14:57:00,"222,27","384,98","4,41","923,09","0,94","330,80","980,57","59,94","0,05","7653,09","7,65"
23/05/2025,15:00:00,"221,84","384,24","4,50","941,38","0,94","335,50","999,38","60,03","0,05","7700,16","7,70"
23/05/2025,15:03:00,"223,03","386,30","1,20","268,00","1,00","12,32","268,28","60,13","0,05","7713,56","7,71"
23/05/2025,15:06:00,"222,00","384,52","1,60","347,02","0,98","76,06","355,26","60,05","0,05","7730,91","7,73"
23/05/2025,15:09:00,"221,43","383,53","2,19","483,96","1,00","14,32","484,17","59,87","0,05","7755,11","7,76"
23/05/2025,15:12:00,"221,15","383,05","2,46","541,76","1,00","48,92","543,96","60,14","0,05","7782,20","7,78"
23/05/2025,15:15:00,"222,26","384,97","0,91","190,12","0,94","71,96","203,28","59,83","0,05","7791,70","7,79"
23/05/2025,15:18:00,"223,82","387,66","1,61","348,45","0,97","89,04","359,65","59,99","0,05","7809,13","7,81"
23/05/2025,15:21:00,"221,45","383,56","2,20","480,47","0,98","85,98","488,10","60,08","0,05","7833,15","7,83"
23/05/2025,15:24:00,"223,56","387,22","2,62","578,25","0,99","97,13","586,35","59,95","0,05","7862,06","7,86"
23/05/2025,15:27:00,"222,47","385,32","2,06","441,57","0,96","121,16","457,89","59,98","0,05","7884,14","7,88"
23/05/2025,15:30:00,"221,92","384,37","4,41","908,99","0,93","362,29","978,53","59,94","0,05","7929,59","7,93"
23/05/2025,15:33:00,"221,25","383,22","3,57","758,72","0,96","222,70","790,73","60,01","0,05","7967,53","7,97"
23/05/2025,15:36:00,"222,42","385,24","3,60","799,10","1,00","38,82","800,04","60,11","0,05","8007,48","8,01"
23/05/2025,15:39:00,"220,93","382,66","0,91","193,90","0,97","50,54","200,37","60,05","0,05","8017,18","8,02"
23/05/2025,15:42:00,"222,55","385,47","0,97","212,98","0,98","37,43","216,25","59,96","0,05","8027,83","8,03"
23/05/2025,15:45:00,"222,45","385,29","4,23","881,74","0,94","327,06","940,45","60,09","0,05","8071,91","8,07"
23/05/2025,15:48:00,"224,50","388,85","2,67","564,23","0,94","204,62","600,18","59,93","0,05","8100,12","8,10"
23/05/2025,15:51:00,"223,55","387,20","1,70","375,83","0,99","52,42","379,47","59,88","0,05","8118,91","8,12"
23/05/2025,15:54:00,"222,04","384,58","2,34","501,90","0,97","133,26","519,29","59,91","0,05","8144,01","8,14"
23/05/2025,15:57:00,"223,81","387,65","3,12","675,57","0,97","172,93","697,35","60,01","0,05","8177,79","8,18"
23/05/2025,16:00:00,"223,10","386,42","1,19","243,12","0,91","109,27","266,55","59,87","0,05","8189,94","8,19"
23/05/2025,16:03:00,"222,27","384,98","1,38","300,18","0,98","61,24","306,36","60,10","0,05","8204,95","8,20"
23/05/2025,16:06:00,"223,27","386,71","1,00","204,44","0,92","87,76","222,48","59,90","0,05","8215,18","8,22"
23/05/2025,16:09:00,"220,47","381,87","2,86","612,66","0,97","153,36","631,56","60,00","0,05","8245,81","8,25"
23/05/2025,16:12:00,"223,45","387,02","4,85","1080,35","1,00","79,99","1083,30","60,07","0,05","8299,83","8,30"
23/05/2025,16:15:00,"222,66","385,66","1,70","362,57","0,96","109,66","378,79","60,13","0,05","8317,95","8,32"
23/05/2025,16:18:00,"222,20","384,86","0,90","187,02","0,94","70,38","199,83","59,91","0,05","8327,31","8,33"
23/05/2025,16:21:00,"222,41","385,22","4,96","1034,75","0,94","381,34","1102,79","60,10","0,05","8379,04","8,38"
23/05/2025,16:24:00,"222,00","384,52","1,22","251,21","0,92","103,93","271,86","60,01","0,05","8391,60","8,39"
23/05/2025,16:27:00,"221,93","384,40","3,95","858,65","0,98","178,62","877,03","59,93","0,05","8434,54","8,43"
23/05/2025,16:30:00,"220,87","382,56","3,45","727,45","0,95","230,54","763,11","59,99","0,05","8470,91","8,47"
23/05/2025,16:33:00,"222,89","386,05","3,76","821,75","0,98","164,79","838,11","60,06","0,05","8512,00","8,51"
23/05/2025,16:36:00,"220,88","382,57","2,56","524,74","0,93","210,72","565,47","60,07","0,05","8538,23","8,54"
23/05/2025,16:39:00,"222,84","385,97","1,94","402,39","0,93","159,90","432,99","59,87","0,05","8558,35","8,56"
23/05/2025,16:42:00,"221,50","383,66","5,17","1062,80","0,93","428,34","1145,87","59,86","0,05","8611,49","8,61"
23/05/2025,16:45:00,"223,00","386,24","1,37","302,47","0,99","42,90","305,49","60,06","0,05","8626,62","8,63"
23/05/2025,16:48:00,"221,48","383,62","2,56","519,72","0,92","224,36","566,08","59,86","0,05","8652,60","8,65"
23/05/2025,16:51:00,"222,78","385,86","4,56","960,13","0,94","334,83","1016,84","60,19","0,05","8700,61","8,70"
23/05/2025,16:54:00,"221,84","384,24","1,79","377,65","0,95","126,29","398,20","59,85","0,05","8719,49","8,72"
23/05/2025,16:57:00,"220,33","381,62","5,04","1067,25","0,96","306,07","1110,27","60,00","0,05","8772,85","8,77"
23/05/2025,17:00:00,"223,22","386,62","0,80","169,38","0,94","59,89","179,66","60,09","0,05","8781,32","8,78"
23/05/2025,17:03:00,"223,30","386,76","2,15","451,52","0,94","165,03","480,74","59,96","0,05","8803,90","8,80"
23/05/2025,17:06:00,"221,27","383,25","1,35","285,40","0,95","91,84","299,82","60,04","0,05","8818,17","8,82"
23/05/2025,17:09:00,"222,65","385,65","3,14","650,33","0,93","257,15","699,32","59,87","0,05","8850,68","8,85"
23/05/2025,17:12:00,"223,65","387,37","1,86","399,12","0,96","116,84","415,87","60,04","0,05","8870,64","8,87"
23/05/2025,17:15:00,"222,77","385,85","1,03","220,06","0,96","61,63","228,53","60,07","0,05","8881,64","8,88"
23/05/2025,17:18:00,"222,64","385,63","2,16","472,07","0,98","94,93","481,52","59,95","0,05","8905,25","8,91"
23/05/2025,17:21:00,"223,67","387,41","4,21","896,38","0,95","290,29","942,21","60,00","0,05","8950,07","8,95"
23/05/2025,17:24:00,"223,16","386,53","1,29","272,76","0,95","91,20","287,60","60,18","0,05","8963,70","8,96"
23/05/2025,17:27:00,"223,11","386,44","2,37","481,84","0,91","215,19","527,70","59,99","0,05","8987,80","8,99"
23/05/2025,17:30:00,"221,41","383,50","4,38","894,90","0,92","373,54","969,73","60,02","0,05","9032,54","9,03"
23/05/2025,17:33:00,"223,40","386,94","3,15","684,97","0,97","162,95","704,09","59,79","0,05","9066,79","9,07"
23/05/2025,17:36:00,"221,69","383,98","1,91","405,95","0,96","117,76","422,69","59,92","0,05","9087,09","9,09"
23/05/2025,17:39:00,"221,97","384,46","1,15","249,69","0,98","53,03","255,25","60,13","0,05","9099,57","9,10"
23/05/2025,17:42:00,"222,59","385,54","1,18","239,12","0,91","106,45","261,74","59,92","0,05","9111,53","9,11"
23/05/2025,17:45:00,"221,29","383,29","3,21","703,26","0,99","102,10","710,64","59,68","0,05","9146,69","9,15"
23/05/2025,17:48:00,"223,36","386,88","3,27","683,85","0,94","253,97","729,49","60,01","0,05","9180,88","9,18"
23/05/2025,17:51:00,"222,27","384,99","4,24","923,80","0,98","190,33","943,21","60,10","0,05","9227,07","9,23"
23/05/2025,17:54:00,"221,34","383,37","1,02","213,05","0,94","76,42","226,34","59,88","0,05","9237,73","9,24"
23/05/2025,17:57:00,"221,40","383,47","5,12","1070,80","0,94","370,69","1133,15","60,04","0,05","9291,27","9,29"
23/05/2025,18:00:00,"222,14","384,75","8,91","1821,27","0,92","773,17","1978,59","59,82","0,05","9382,33","9,38"
23/05/2025,18:03:00,"221,86","384,28","4,10","783,68","0,86","463,10","910,28","60,10","0,05","9421,51","9,42"
23/05/2025,18:06:00,"220,86","382,55","8,92","1849,55","0,94","680,52","1970,77","60,03","0,05","9513,99","9,51"
23/05/2025,18:09:00,"222,30","385,03","10,86","2215,51","0,92","960,39","2414,71","60,10","0,05","9624,77","9,62"
23/05/2025,18:12:00,"223,44","387,01","12,13","2421,40","0,89","1216,18","2709,67","59,91","0,05","9745,84","9,75"
23/05/2025,18:15:00,"222,91","386,09","5,92","1224,47","0,93","492,33","1319,74","59,95","0,05","9807,06","9,81"
23/05/2025,18:18:00,"221,68","383,97","4,19","875,22","0,94","308,37","927,96","59,94","0,05","9850,82","9,85"
23/05/2025,18:21:00,"222,14","384,75","6,09","1215,88","0,90","595,26","1353,77","59,95","0,05","9911,61","9,91"
23/05/2025,18:24:00,"220,52","381,94","5,78","1176,60","0,92","491,61","1275,18","60,03","0,05","9970,45","9,97"
23/05/2025,18:27:00,"223,55","387,20","8,44","1723,79","0,91","768,85","1887,48","59,85","0,05","10056,63","10,06"
23/05/2025,18:30:00,"222,06","384,63","11,32","2305,07","0,92","1003,80","2514,15","60,15","0,05","10171,89","10,17"
23/05/2025,18:33:00,"224,02","388,02","8,47","1716,79","0,91","806,19","1896,65","60,03","0,05","10257,73","10,26"
23/05/2025,18:36:00,"222,39","385,19","7,51","1521,32","0,91","690,47","1670,67","59,93","0,05","10333,79","10,33"
23/05/2025,18:39:00,"222,25","384,95","11,43","2166,47","0,85","1326,00","2540,05","59,86","0,05","10442,12","10,44"
23/05/2025,18:42:00,"221,62","383,86","6,29","1249,04","0,90","620,86","1394,84","59,84","0,05","10504,57","10,50"
23/05/2025,18:45:00,"223,49","387,09","4,11","852,35","0,93","345,07","919,55","59,86","0,05","10547,19","10,55"
23/05/2025,18:48:00,"223,16","386,52","4,48","908,42","0,91","418,91","1000,36","59,99","0,05","10592,61","10,59"
23/05/2025,18:51:00,"221,91","384,36","5,62","1121,79","0,90","545,63","1247,45","59,99","0,05","10648,70","10,65"
23/05/2025,18:54:00,"222,93","386,13","4,84","965,39","0,89","481,88","1078,97","59,95","0,05","10696,97","10,70"
23/05/2025,18:57:00,"223,72","387,49","4,22","856,33","0,91","395,54","943,26","60,12","0,05","10739,78","10,74"
23/05/2025,19:00:00,"222,86","386,01","6,17","1226,93","0,89","620,41","1374,87","59,80","0,05","10801,13","10,80"
23/05/2025,19:03:00,"222,87","386,01","10,79","2073,89","0,86","1215,28","2403,73","59,90","0,05","10904,82","10,90"
23/05/2025,19:06:00,"221,93","384,39","5,94","1169,27","0,89","609,42","1318,55","60,09","0,05","10963,29","10,96"
23/05/2025,19:09:00,"222,23","384,92","5,37","1056,85","0,88","556,53","1194,43","60,05","0,05","11016,13","11,02"
23/05/2025,19:12:00,"222,37","385,16","9,39","1872,11","0,90","922,87","2087,22","60,24","0,05","11109,73","11,11"
23/05/2025,19:15:00,"221,26","383,23","4,61","950,92","0,93","366,59","1019,14","59,99","0,05","11157,28","11,16"
23/05/2025,19:18:00,"224,07","388,10","8,98","1895,41","0,94","673,69","2011,57","60,09","0,05","11252,05","11,25"
23/05/2025,19:21:00,"223,39","386,92","11,02","2163,07","0,88","1174,22","2461,23","60,03","0,05","11360,20","11,36"
23/05/2025,19:24:00,"221,22","383,17","7,97","1532,78","0,87","870,59","1762,76","59,94","0,05","11436,84","11,44"
23/05/2025,19:27:00,"222,94","386,15","10,09","2003,60","0,89","1021,77","2249,09","60,16","0,05","11537,02","11,54"
23/05/2025,19:30:00,"223,45","387,03","8,40","1683,20","0,90","828,22","1875,93","60,05","0,05","11621,18","11,62"
23/05/2025,19:33:00,"222,33","385,09","6,49","1333,26","0,92","549,42","1442,03","60,07","0,05","11687,85","11,69"
23/05/2025,19:36:00,"222,05","384,61","8,64","1721,86","0,90","846,96","1918,89","59,92","0,05","11773,94","11,77"
23/05/2025,19:39:00,"223,16","386,52","11,55","2332,68","0,91","1094,03","2576,49","60,00","0,05","11890,57","11,89"
23/05/2025,19:42:00,"221,46","383,58","10,45","2021,61","0,87","1127,10","2314,58","60,07","0,05","11991,65","11,99"
23/05/2025,19:45:00,"223,96","387,91","10,34","2060,70","0,89","1058,67","2316,73","60,00","0,05","12094,69","12,09"
23/05/2025,19:48:00,"223,12","386,45","8,30","1599,17","0,86","936,09","1853,00","60,01","0,05","12174,65","12,17"
23/05/2025,19:51:00,"221,56","383,75","6,02","1154,32","0,87","668,85","1334,10","60,05","0,05","12232,36","12,23"
23/05/2025,19:54:00,"221,04","382,85","5,49","1100,02","0,91","514,61","1214,44","59,97","0,05","12287,37","12,29"
23/05/2025,19:57:00,"223,85","387,72","5,85","1156,22","0,88","615,68","1309,92","60,12","0,05","12345,18","12,35"
23/05/2025,20:00:00,"222,43","385,25","12,15","2537,89","0,94","926,18","2701,60","60,13","0,05","12472,07","12,47"
23/05/2025,20:03:00,"224,38","388,64","5,02","1073,98","0,95","339,50","1126,37","59,98","0,05","12525,77","12,53"
23/05/2025,20:06:00,"221,89","384,32","4,35","835,80","0,87","483,71","965,68","60,10","0,05","12567,56","12,57"
23/05/2025,20:09:00,"220,82","382,48","10,75","2076,13","0,87","1149,69","2373,21","59,94","0,05","12671,37","12,67"
23/05/2025,20:12:00,"223,27","386,71","11,88","2370,95","0,89","1191,51","2653,51","60,10","0,05","12789,91","12,79"
23/05/2025,20:15:00,"223,10","386,41","8,46","1744,52","0,92","721,54","1887,85","60,08","0,05","12877,14","12,88"
23/05/2025,20:18:00,"222,24","384,94","5,49","1135,73","0,93","446,60","1220,38","59,95","0,05","12933,93","12,93"
23/05/2025,20:21:00,"222,01","384,54","4,49","920,10","0,92","384,68","997,28","60,01","0,05","12979,93","12,98"
23/05/2025,20:24:00,"223,25","386,68","9,12","1780,42","0,87","986,96","2035,68","59,93","0,05","13068,95","13,07"
23/05/2025,20:27:00,"222,42","385,24","5,05","969,02","0,86","568,81","1123,63","60,05","0,05","13117,40","13,12"
23/05/2025,20:30:00,"220,33","381,61","6,41","1216,56","0,86","716,09","1411,66","59,82","0,05","13178,23","13,18"
23/05/2025,20:33:00,"222,14","384,75","13,02","2629,61","0,91","1203,37","2891,87","59,89","0,05","13309,71","13,31"
23/05/2025,20:36:00,"221,87","384,29","6,92","1432,26","0,93","553,84","1535,61","59,92","0,05","13381,32","13,38"
23/05/2025,20:39:00,"221,87","384,30","9,60","1795,35","0,84","1144,57","2129,16","59,89","0,05","13471,09","13,47"
23/05/2025,20:42:00,"222,39","385,18","8,36","1612,27","0,87","924,65","1858,60","59,97","0,05","13551,71","13,55"
23/05/2025,20:45:00,"223,69","387,44","11,70","2444,90","0,93","931,26","2616,26","60,01","0,05","13673,95","13,67"
23/05/2025,20:48:00,"221,66","383,93","4,43","881,37","0,90","433,01","982,00","59,87","0,05","13718,02","13,72"
23/05/2025,20:51:00,"220,98","382,75","4,72","925,62","0,89","482,28","1043,73","59,98","0,05","13764,30","13,76"
23/05/2025,20:54:00,"221,60","383,81","4,64","893,39","0,87","507,51","1027,48","60,14","0,05","13808,97","13,81"
23/05/2025,20:57:00,"223,00","386,24","6,87","1327,85","0,87","762,40","1531,16","60,13","0,05","13875,36","13,88"
23/05/2025,21:00:00,"222,54","385,46","10,72","2127,19","0,89","1077,86","2384,69","60,12","0,05","13981,72","13,98"
23/05/2025,21:03:00,"221,85","384,26","6,43","1210,09","0,85","756,99","1427,36","59,93","0,05","14042,23","14,04"
23/05/2025,21:06:00,"223,24","386,66","9,57","1986,46","0,93","786,73","2136,58","59,97","0,05","14141,55","14,14"
23/05/2025,21:09:00,"225,04","389,78","11,02","2274,12","0,92","988,96","2479,85","59,92","0,05","14255,26","14,26"
23/05/2025,21:12:00,"223,07","386,37","11,63","2447,73","0,94","859,35","2594,19","60,01","0,05","14377,64","14,38"
23/05/2025,21:15:00,"223,55","387,21","10,43","2029,39","0,87","1149,62","2332,39","59,97","0,05","14479,11","14,48"
23/05/2025,21:18:00,"223,36","386,88","10,72","2291,92","0,96","692,81","2394,35","59,95","0,05","14593,71","14,59"
23/05/2025,21:21:00,"220,57","382,03","7,42","1561,15","0,95","488,19","1635,70","60,09","0,05","14671,76","14,67"
23/05/2025,21:24:00,"221,36","383,40","10,21","1959,32","0,87","1128,39","2261,01","59,95","0,05","14769,73","14,77"
23/05/2025,21:27:00,"222,07","384,63","10,17","1968,42","0,87","1107,14","2258,42","59,96","0,05","14868,15","14,87"
23/05/2025,21:30:00,"222,27","384,99","6,12","1186,44","0,87","663,24","1359,24","59,84","0,05","14927,47","14,93"
23/05/2025,21:33:00,"220,82","382,47","12,17","2324,24","0,86","1349,27","2687,50","59,92","0,05","15043,69","15,04"
23/05/2025,21:36:00,"223,28","386,74","11,13","2330,11","0,94","860,92","2484,07","59,98","0,05","15160,19","15,16"
23/05/2025,21:39:00,"221,48","383,61","11,33","2238,59","0,89","1134,88","2509,83","60,20","0,05","15272,12","15,27"
23/05/2025,21:42:00,"224,19","388,31","8,39","1701,90","0,91","799,04","1880,14","60,13","0,05","15357,22","15,36"
23/05/2025,21:45:00,"223,53","387,16","8,46","1755,39","0,93","704,81","1891,60","60,04","0,05","15444,99","15,44"
23/05/2025,21:48:00,"221,56","383,76","4,70","873,05","0,84","565,71","1040,31","59,96","0,05","15488,64","15,49"
23/05/2025,21:51:00,"222,14","384,75","7,41","1471,79","0,89","734,68","1644,97","59,96","0,05","15562,23","15,56"
23/05/2025,21:54:00,"223,41","386,96","7,06","1448,76","0,92","623,60","1577,27","60,03","0,05","15634,67","15,63"
23/05/2025,21:57:00,"222,75","385,82","5,73","1195,20","0,94","448,95","1276,73","60,07","0,05","15694,42","15,69"
23/05/2025,22:00:00,"222,07","384,64","6,55","1339,10","0,92","567,05","1454,21","59,97","0,05","15761,38","15,76"
23/05/2025,22:03:00,"221,99","384,50","9,80","1994,19","0,92","867,78","2174,82","60,01","0,05","15861,09","15,86"
23/05/2025,22:06:00,"221,62","383,86","7,37","1511,77","0,93","617,78","1633,13","59,80","0,05","15936,68","15,94"
23/05/2025,22:09:00,"223,76","387,56","4,04","762,49","0,84","486,22","904,32","59,94","0,05","15974,80","15,97"
23/05/2025,22:12:00,"222,18","384,83","10,60","2244,61","0,95","709,54","2354,09","60,04","0,05","16087,03","16,09"
23/05/2025,22:15:00,"222,45","385,30","7,20","1471,17","0,92","633,07","1601,60","59,88","0,05","16160,59","16,16"
23/05/2025,22:18:00,"221,67","383,95","9,33","1942,05","0,94","710,68","2067,99","59,95","0,05","16257,69","16,26"
23/05/2025,22:21:00,"223,11","386,44","4,26","890,40","0,94","335,34","951,46","59,91","0,05","16302,21","16,30"
23/05/2025,22:24:00,"222,95","386,16","8,64","1783,42","0,93","725,10","1925,19","60,13","0,05","16391,38","16,39"
23/05/2025,22:27:00,"221,42","383,51","12,29","2571,04","0,94","893,71","2721,94","59,89","0,05","16519,94","16,52"
23/05/2025,22:30:00,"222,07","384,64","9,60","1999,89","0,94","739,12","2132,10","60,10","0,05","16619,93","16,62"
23/05/2025,22:33:00,"220,74","382,34","10,93","2035,39","0,84","1295,08","2412,48","60,09","0,05","16721,70","16,72"
23/05/2025,22:36:00,"220,92","382,64","5,22","1090,75","0,95","376,28","1153,83","59,87","0,05","16776,24","16,78"
23/05/2025,22:39:00,"222,08","384,65","7,39","1472,61","0,90","722,50","1640,30","59,91","0,05","16849,87","16,85"
23/05/2025,22:42:00,"223,99","387,97","6,60","1354,17","0,92","595,44","1479,30","60,14","0,05","16917,58","16,92"
23/05/2025,22:45:00,"221,95","384,44","5,09","1018,54","0,90","487,01","1128,99","60,19","0,05","16968,50","16,97"
23/05/2025,22:48:00,"221,76","384,11","10,96","2183,39","0,90","1067,88","2430,55","59,93","0,05","17077,67","17,08"
23/05/2025,22:51:00,"223,02","386,28","6,58","1350,12","0,92","573,73","1466,97","59,83","0,05","17145,18","17,15"
23/05/2025,22:54:00,"223,16","386,52","6,71","1404,20","0,94","517,83","1496,64","60,07","0,05","17215,39","17,22"
23/05/2025,22:57:00,"221,60","383,82","9,01","1774,52","0,89","914,62","1996,36","60,10","0,05","17304,12","17,30"
23/05/2025,23:00:00,"223,14","386,48","8,79","1729,75","0,88","923,61","1960,89","59,86","0,05","17390,60","17,39"
23/05/2025,23:03:00,"223,33","386,81","5,70","1192,71","0,94","446,27","1273,46","59,92","0,05","17450,24","17,45"
23/05/2025,23:06:00,"222,57","385,51","7,36","1526,58","0,93","593,36","1637,84","60,01","0,05","17526,57","17,53"
23/05/2025,23:09:00,"222,74","385,79","9,57","1942,14","0,91","878,72","2131,68","60,04","0,05","17623,67","17,62"
23/05/2025,23:12:00,"220,74","382,33","8,84","1746,90","0,89","870,97","1951,99","60,03","0,05","17711,02","17,71"
23/05/2025,23:15:00,"223,26","386,69","10,87","2105,67","0,87","1206,73","2426,94","59,87","0,05","17816,30","17,82"
23/05/2025,23:18:00,"221,53","383,70","10,92","2236,20","0,92","921,09","2418,47","59,83","0,05","17928,11","17,93"
23/05/2025,23:21:00,"222,62","385,58","7,06","1504,41","0,96","456,30","1572,08","59,86","0,05","18003,33","18,00"
23/05/2025,23:24:00,"223,40","386,94","6,72","1343,38","0,90","669,21","1500,83","60,10","0,05","18070,50","18,07"
23/05/2025,23:27:00,"221,18","383,09","4,36","871,43","0,90","411,78","963,82","59,99","0,05","18114,07","18,11"
23/05/2025,23:30:00,"221,48","383,62","7,92","1557,09","0,89","809,45","1754,91","59,99","0,05","18191,93","18,19"
23/05/2025,23:33:00,"223,83","387,68","9,40","1903,85","0,91","894,36","2103,46","60,10","0,05","18287,12","18,29"
23/05/2025,23:36:00,"223,21","386,62","9,50","1986,62","0,94","743,92","2121,34","59,98","0,05","18386,45","18,39"
23/05/2025,23:39:00,"223,57","387,23","9,02","1733,72","0,86","1028,26","2015,71","60,04","0,05","18473,14","18,47"
23/05/2025,23:42:00,"222,16","384,79","8,47","1692,67","0,90","819,65","1880,68","59,89","0,05","18557,77","18,56"
23/05/2025,23:45:00,"222,52","385,41","4,99","1003,88","0,90","474,64","1110,43","60,01","0,05","18607,97","18,61"
23/05/2025,23:48:00,"221,45","383,56","5,69","1170,66","0,93","468,46","1260,92","60,01","0,05","18666,50","18,67"
23/05/2025,23:51:00,"222,40","385,21","11,06","2199,36","0,89","1103,26","2460,56","59,88","0,05","18776,47","18,78"
23/05/2025,23:54:00,"222,48","385,35","5,23","1021,71","0,88","558,85","1164,56","59,97","0,05","18827,55","18,83"
23/05/2025,23:57:00,"223,35","386,86","8,68","1760,42","0,91","809,95","1937,81","59,94","0,05","18915,57","18,92"
