Data,Hor√°rio,Tensao_Fase_A,Tensao_De_Linha_AB,Corrente_Fase_A,Potencia_Ativa_Fase_A,fator_De_Potencia_Fase_A,Potencia_Reativa_Fase_A,Potencia_Aparente_Fase_A,Frequencia_Fase_A,Intervalos em Hora,C (Wh),C (kWh)
23/05/2025,00:00:00,"222,83","385,95","1,17","257,93","0,99","31,54","259,85","59,95","0,05","12,90","0,01"
23/05/2025,00:03:00,"222,64","385,63","0,25","56,23","1,00","0,00","56,23","59,80","0,05","15,71","0,02"
23/05/2025,00:06:00,"223,08","386,39","1,40","296,22","0,95","95,52","311,24","59,90","0,05","30,52","0,03"
23/05/2025,00:09:00,"221,50","383,65","0,70","150,73","0,98","32,20","154,13","60,10","0,05","38,06","0,04"
23/05/2025,00:12:00,"223,20","386,60","0,88","191,68","0,98","43,10","196,46","60,04","0,05","47,64","0,05"
23/05/2025,00:15:00,"223,63","387,34","1,28","274,72","0,96","77,22","285,37","59,91","0,05","61,38","0,06"
23/05/2025,00:18:00,"222,84","385,98","1,01","224,29","1,00","0,00","224,29","60,01","0,05","72,59","0,07"
23/05/2025,00:21:00,"220,94","382,69","0,22","48,39","0,99","8,04","49,06","60,07","0,05","75,01","0,08"
23/05/2025,00:24:00,"222,11","384,71","0,37","79,27","0,96","22,77","82,48","60,04","0,05","78,97","0,08"
23/05/2025,00:27:00,"221,93","384,39","1,37","301,74","0,99","37,28","304,03","59,99","0,05","94,06","0,09"
23/05/2025,00:30:00,"222,16","384,80","1,26","266,92","0,95","84,53","279,99","59,95","0,05","107,41","0,11"
23/05/2025,00:33:00,"223,42","386,97","0,54","114,90","0,95","36,95","120,70","59,96","0,05","113,15","0,11"
23/05/2025,00:36:00,"222,66","385,67","0,73","157,26","0,97","38,63","161,94","59,92","0,05","121,01","0,12"
23/05/2025,00:39:00,"222,64","385,62","0,53","115,93","0,97","26,95","119,03","59,93","0,05","126,81","0,13"
23/05/2025,00:42:00,"221,90","384,34","0,93","194,45","0,94","67,75","205,91","59,84","0,05","136,53","0,14"
23/05/2025,00:45:00,"223,04","386,31","0,32","70,63","0,98","15,82","72,38","60,08","0,05","140,07","0,14"
23/05/2025,00:48:00,"224,73","389,25","0,50","111,88","1,00","0,00","111,88","60,02","0,05","145,66","0,15"
23/05/2025,00:51:00,"223,81","387,65","1,09","230,42","0,95","77,69","243,16","60,00","0,05","157,18","0,16"
23/05/2025,00:54:00,"222,79","385,89","0,49","104,27","0,96","29,36","108,32","60,10","0,05","162,39","0,16"
23/05/2025,00:57:00,"221,31","383,32","1,43","316,71","1,00","0,00","316,71","59,97","0,05","178,23","0,18"
23/05/2025,01:00:00,"221,27","383,24","0,81","174,76","0,97","43,74","180,15","60,00","0,05","186,97","0,19"
23/05/2025,01:03:00,"223,41","386,96","1,22","272,74","1,00","16,95","273,27","60,10","0,05","200,60","0,20"
23/05/2025,01:06:00,"221,24","383,19","0,61","133,45","0,98","25,32","135,83","60,12","0,05","207,28","0,21"
23/05/2025,01:09:00,"222,83","385,95","0,69","150,33","0,98","32,97","153,91","59,81","0,05","214,79","0,21"
23/05/2025,01:12:00,"223,60","387,28","0,58","128,66","1,00","0,00","128,66","60,11","0,05","221,23","0,22"
23/05/2025,01:15:00,"222,80","385,89","1,34","292,95","0,98","52,85","297,68","60,01","0,05","235,87","0,24"
23/05/2025,01:18:00,"221,54","383,72","0,47","103,81","1,00","8,84","104,19","60,09","0,05","241,06","0,24"
23/05/2025,01:21:00,"221,22","383,16","0,74","153,62","0,94","55,42","163,31","59,88","0,05","248,74","0,25"
23/05/2025,01:24:00,"222,39","385,20","0,37","78,44","0,96","22,31","81,55","59,99","0,05","252,67","0,25"
23/05/2025,01:27:00,"220,51","381,93","0,94","202,61","0,97","46,87","207,96","59,96","0,05","262,80","0,26"
23/05/2025,01:30:00,"221,70","384,00","1,41","310,38","0,99","32,36","312,07","60,05","0,05","278,32","0,28"
23/05/2025,01:33:00,"220,97","382,73","0,60","130,16","0,99","18,88","131,52","60,11","0,05","284,82","0,28"
23/05/2025,01:36:00,"220,19","381,38","1,44","307,44","0,97","74,56","316,35","60,04","0,05","300,20","0,30"
23/05/2025,01:39:00,"221,95","384,43","0,31","69,36","1,00","5,92","69,61","59,95","0,05","303,66","0,30"
23/05/2025,01:42:00,"223,48","387,08","0,43","90,28","0,94","32,81","96,06","60,08","0,05","308,18","0,31"
23/05/2025,01:45:00,"222,66","385,67","1,42","298,11","0,94","105,10","316,10","60,11","0,05","323,08","0,32"
23/05/2025,01:48:00,"223,19","386,58","1,28","269,34","0,94","98,17","286,67","60,21","0,05","336,55","0,34"
23/05/2025,01:51:00,"224,56","388,95","1,49","328,26","0,98","65,62","334,75","59,93","0,05","352,96","0,35"
23/05/2025,01:54:00,"222,70","385,73","0,90","194,62","0,97","51,26","201,26","59,95","0,05","362,69","0,36"
23/05/2025,01:57:00,"222,21","384,88","0,26","56,60","0,97","14,33","58,39","60,00","0,05","365,52","0,37"
23/05/2025,02:00:00,"222,31","385,05","0,16","34,61","0,95","11,97","36,62","60,00","0,05","367,25","0,37"
23/05/2025,02:03:00,"220,96","382,71","0,29","62,99","1,00","0,00","62,99","60,04","0,05","370,40","0,37"
23/05/2025,02:06:00,"223,13","386,48","0,95","200,78","0,94","70,07","212,66","59,89","0,05","380,44","0,38"
23/05/2025,02:09:00,"223,62","387,33","0,14","28,65","0,94","10,71","30,58","60,13","0,05","381,88","0,38"
23/05/2025,02:12:00,"222,73","385,78","1,47","322,55","0,98","61,88","328,43","60,01","0,05","398,00","0,40"
23/05/2025,02:15:00,"220,70","382,25","0,94","202,14","0,97","49,88","208,20","60,15","0,05","408,11","0,41"
23/05/2025,02:18:00,"223,28","386,74","1,36","301,91","1,00","29,54","303,36","59,95","0,05","423,21","0,42"
23/05/2025,02:21:00,"222,79","385,88","0,44","93,83","0,97","24,86","97,07","60,02","0,05","427,90","0,43"
23/05/2025,02:24:00,"221,95","384,43","0,63","136,51","0,98","31,02","139,99","60,04","0,05","434,72","0,43"
23/05/2025,02:27:00,"260,25","386,69","0,65","139,17","0,96","42,14","145,41","60,10","0,05","441,68","0,44"
23/05/2025,02:30:00,"260,51","385,40","1,12","244,41","0,98","53,44","250,18","60,04","0,05","453,90","0,45"
23/05/2025,02:33:00,"260,05","386,33","0,23","48,54","0,95","15,60","50,98","60,26","0,05","456,33","0,46"
23/05/2025,02:36:00,"223,02","386,29","0,80","177,39","0,99","27,64","179,53","59,97","0,05","465,20","0,47"
23/05/2025,02:39:00,"221,57","383,78","1,46","320,83","0,99","37,53","323,02","60,00","0,05","481,24","0,48"
23/05/2025,02:42:00,"220,73","382,32","1,32","287,49","0,98","52,38","292,22","60,09","0,05","495,61","0,50"
23/05/2025,02:45:00,"222,19","384,85","1,15","248,31","0,97","60,44","255,56","60,18","0,05","508,03","0,51"
23/05/2025,02:48:00,"222,64","385,62","0,65","142,10","0,98","32,07","145,68","59,99","0,05","515,13","0,52"
23/05/2025,02:51:00,"222,98","386,22","0,67","146,34","0,97","34,52","150,36","60,15","0,05","522,45","0,52"
23/05/2025,02:54:00,"222,82","385,94","0,64","139,41","0,98","28,89","142,37","59,91","0,05","529,42","0,53"
23/05/2025,02:57:00,"221,75","384,09","1,18","260,77","1,00","0,00","260,77","60,16","0,05","542,46","0,54"
23/05/2025,03:00:00,"221,57","383,77","0,35","74,14","0,95","24,02","77,94","60,16","0,05","546,17","0,55"
23/05/2025,03:03:00,"223,56","387,22","1,01","225,51","1,00","0,00","225,51","59,90","0,05","557,44","0,56"
23/05/2025,03:06:00,"221,92","384,38","0,10","21,60","0,96","5,91","22,39","59,87","0,05","558,52","0,56"
23/05/2025,03:09:00,"223,40","386,94","0,46","97,48","0,95","32,18","102,66","60,11","0,05","563,40","0,56"
23/05/2025,03:12:00,"224,72","389,23","0,93","207,27","0,99","29,61","209,37","59,88","0,05","573,76","0,57"
23/05/2025,03:15:00,"222,36","385,15","0,70","156,04","1,00","0,00","156,04","60,18","0,05","581,56","0,58"
23/05/2025,03:18:00,"222,62","385,58","0,82","181,90","1,00","0,00","181,90","60,09","0,05","590,66","0,59"
23/05/2025,03:21:00,"223,29","386,75","0,70","153,05","0,97","35,59","157,13","59,96","0,05","598,31","0,60"
23/05/2025,03:24:00,"224,02","388,01","1,22","268,48","0,99","46,60","272,49","59,91","0,05","611,73","0,61"
23/05/2025,03:27:00,"222,68","385,70","0,52","113,12","0,97","26,96","116,29","59,85","0,05","617,39","0,62"
23/05/2025,03:30:00,"220,19","381,37","0,90","192,57","0,98","43,80","197,49","59,87","0,05","627,02","0,63"
23/05/2025,03:33:00,"223,56","387,22","0,36","75,96","0,94","27,09","80,65","59,89","0,05","630,82","0,63"
23/05/2025,03:36:00,"222,84","385,97","0,80","173,43","0,97","45,58","179,32","59,97","0,05","639,49","0,64"
23/05/2025,03:39:00,"223,11","386,43","1,12","249,29","1,00","7,58","249,41","59,96","0,05","651,95","0,65"
23/05/2025,03:42:00,"221,73","384,04","0,28","58,60","0,95","19,72","61,83","60,08","0,05","654,88","0,65"
23/05/2025,03:45:00,"221,36","383,41","1,26","269,28","0,96","73,58","279,15","59,89","0,05","668,35","0,67"
23/05/2025,03:48:00,"223,56","387,22","1,28","278,34","0,97","67,10","286,31","60,08","0,05","682,26","0,68"
23/05/2025,03:51:00,"221,68","383,96","0,77","162,89","0,95","52,75","171,22","59,92","0,05","690,41","0,69"
23/05/2025,03:54:00,"221,23","383,18","0,88","195,47","1,00","0,00","195,47","60,20","0,05","700,18","0,70"
23/05/2025,03:57:00,"221,80","384,16","0,47","100,00","0,96","28,15","103,89","59,75","0,05","705,18","0,71"
23/05/2025,04:00:00,"222,04","384,59","1,14","238,26","0,94","84,25","252,72","59,99","0,05","717,09","0,72"
23/05/2025,04:03:00,"220,05","381,13","0,31","65,16","0,96","18,86","67,83","60,02","0,05","720,35","0,72"
23/05/2025,04:06:00,"223,07","386,36","0,88","190,61","0,98","41,99","195,18","60,02","0,05","729,88","0,73"
23/05/2025,04:09:00,"223,76","387,57","1,40","309,04","0,99","49,79","313,02","59,85","0,05","745,33","0,75"
23/05/2025,04:12:00,"223,63","387,35","0,54","117,08","0,96","32,51","121,52","59,93","0,05","751,19","0,75"
23/05/2025,04:15:00,"223,82","387,67","0,15","32,52","0,94","11,49","34,49","60,03","0,05","752,81","0,75"
23/05/2025,04:18:00,"223,31","386,78","0,12","26,07","0,99","3,07","26,25","60,06","0,05","754,12","0,75"
23/05/2025,04:21:00,"223,69","387,44","0,99","221,26","1,00","16,00","221,83","60,03","0,05","765,18","0,77"
23/05/2025,04:24:00,"224,33","388,55","0,60","131,41","0,97","33,84","135,70","59,99","0,05","771,75","0,77"
23/05/2025,04:27:00,"220,37","381,69","0,11","22,79","0,96","6,60","23,73","60,01","0,05","772,89","0,77"
23/05/2025,04:30:00,"224,50","388,85","0,23","49,69","0,97","11,37","50,97","59,99","0,05","775,38","0,78"
23/05/2025,04:33:00,"223,44","387,01","0,95","202,82","0,96","60,51","211,65","59,99","0,05","785,52","0,79"
23/05/2025,04:36:00,"224,25","388,41","0,77","168,52","0,97","38,57","172,88","60,03","0,05","793,94","0,79"
23/05/2025,04:39:00,"221,85","384,25","0,45","98,81","0,99","15,39","100,00","59,86","0,05","798,88","0,80"
23/05/2025,04:42:00,"223,53","387,16","0,97","214,33","0,99","30,04","216,43","59,92","0,05","809,60","0,81"
23/05/2025,04:45:00,"221,46","383,58","0,55","117,64","0,96","33,42","122,30","59,94","0,05","815,48","0,82"
23/05/2025,04:48:00,"222,72","385,77","0,94","203,61","0,98","44,33","208,38","59,98","0,05","825,66","0,83"
23/05/2025,04:51:00,"221,71","384,02","1,26","279,67","1,00","0,00","279,67","59,90","0,05","839,65","0,84"
23/05/2025,04:54:00,"223,61","387,30","1,24","276,83","1,00","27,02","278,14","60,03","0,05","853,49","0,85"
23/05/2025,04:57:00,"222,48","385,34","0,94","201,42","0,96","59,65","210,07","60,13","0,05","863,56","0,86"
23/05/2025,05:00:00,"221,41","383,49","0,40","87,84","1,00","4,86","87,98","59,97","0,05","867,95","0,87"
23/05/2025,05:03:00,"225,32","390,26","0,53","117,30","0,97","27,05","120,38","60,07","0,05","873,81","0,87"
23/05/2025,05:06:00,"221,08","382,92","0,76","160,80","0,96","49,34","168,20","60,12","0,05","881,85","0,88"
23/05/2025,05:09:00,"221,73","384,04","0,25","53,61","0,97","14,03","55,41","60,10","0,05","884,53","0,88"
23/05/2025,05:12:00,"223,56","387,22","0,53","111,49","0,95","37,69","117,69","60,03","0,05","890,11","0,89"
23/05/2025,05:15:00,"222,60","385,55","0,97","208,60","0,96","57,78","216,46","60,02","0,05","900,54","0,90"
23/05/2025,05:18:00,"223,78","387,61","1,06","229,80","0,96","62,89","238,25","60,15","0,05","912,03","0,91"
23/05/2025,05:21:00,"223,24","386,67","0,39","81,65","0,95","27,47","86,15","59,97","0,05","916,11","0,92"
23/05/2025,05:24:00,"221,13","383,01","0,81","175,74","0,99","29,66","178,23","59,88","0,05","924,90","0,92"
23/05/2025,05:27:00,"223,32","386,80","0,78","170,04","0,98","36,69","173,95","59,86","0,05","933,40","0,93"
23/05/2025,05:30:00,"221,35","383,38","1,54","333,15","0,98","75,10","341,50","59,97","0,05","950,06","0,95"
23/05/2025,05:33:00,"222,84","385,98","0,32","69,62","0,99","10,55","70,42","59,87","0,05","953,54","0,95"
23/05/2025,05:36:00,"222,28","385,00","1,05","221,89","0,95","73,47","233,73","60,08","0,05","964,63","0,96"
23/05/2025,05:39:00,"221,28","383,26","0,17","37,39","1,00","0,00","37,39","60,09","0,05","966,50","0,97"
23/05/2025,05:42:00,"221,93","384,40","1,00","218,36","0,98","43,20","222,59","60,04","0,05","977,42","0,98"
23/05/2025,05:45:00,"222,56","385,48","1,08","240,39","1,00","0,00","240,39","60,04","0,05","989,44","0,99"
23/05/2025,05:48:00,"222,85","385,99","0,21","44,71","0,96","13,15","46,60","59,92","0,05","991,68","0,99"
23/05/2025,05:51:00,"220,54","381,98","1,00","211,96","0,96","59,74","220,21","60,02","0,05","1002,27","1,00"
23/05/2025,05:54:00,"221,39","383,47","0,42","90,12","0,96","26,62","93,96","59,72","0,05","1006,78","1,01"
23/05/2025,05:57:00,"224,97","389,65","0,41","89,53","0,97","22,69","92,36","59,95","0,05","1011,26","1,01"
23/05/2025,06:00:00,"222,77","385,85","2,09","439,33","0,94","157,16","466,60","60,12","0,05","1033,22","1,03"
23/05/2025,06:03:00,"224,52","388,88","2,28","498,13","0,98","113,49","510,89","59,78","0,05","1058,13","1,06"
23/05/2025,06:06:00,"221,69","383,98","1,33","272,37","0,93","111,46","294,30","60,11","0,05","1071,75","1,07"
23/05/2025,06:09:00,"221,59","383,80","3,03","631,15","0,94","231,00","672,10","60,08","0,05","1103,31","1,10"
23/05/2025,06:12:00,"221,19","383,11","1,58","338,29","0,97","88,91","349,77","60,02","0,05","1120,22","1,12"
23/05/2025,06:15:00,"223,62","387,32","3,47","759,45","0,98","157,00","775,51","59,89","0,05","1158,19","1,16"
23/05/2025,06:18:00,"223,02","386,28","2,80","610,82","0,98","127,43","623,97","60,02","0,05","1188,73","1,19"
23/05/2025,06:21:00,"223,46","387,04","1,87","374,48","0,90","186,25","418,23","60,09","0,05","1207,46","1,21"
23/05/2025,06:24:00,"222,06","384,62","3,91","819,18","0,94","288,25","868,42","60,07","0,05","1248,42","1,25"
23/05/2025,06:27:00,"222,43","385,26","5,35","1166,54","0,98","232,51","1189,49","60,11","0,05","1306,74","1,31"
23/05/2025,06:30:00,"222,28","385,00","3,41","711,47","0,94","262,85","758,48","59,87","0,05","1342,32","1,34"
23/05/2025,06:33:00,"221,75","384,09","5,37","1161,58","0,98","263,16","1191,01","59,90","0,05","1400,40","1,40"
23/05/2025,06:36:00,"223,87","387,75","6,89","1485,23","0,96","416,45","1542,51","59,98","0,05","1474,66","1,47"
23/05/2025,06:39:00,"222,73","385,78","1,77","370,14","0,94","136,49","394,50","59,93","0,05","1493,16","1,49"
23/05/2025,06:42:00,"221,62","383,86","6,64","1339,05","0,91","610,58","1471,68","59,89","0,05","1560,12","1,56"
23/05/2025,06:45:00,"222,34","385,10","3,44","697,71","0,91","311,18","763,96","60,04","0,05","1595,00","1,60"
23/05/2025,06:48:00,"221,54","383,72","5,15","1074,15","0,94","387,02","1141,74","59,99","0,05","1648,71","1,65"
23/05/2025,06:51:00,"223,80","387,63","3,98","833,03","0,94","312,36","889,66","59,93","0,05","1690,36","1,69"
23/05/2025,06:54:00,"223,04","386,31","6,34","1320,31","0,93","503,95","1413,22","59,90","0,05","1756,38","1,76"
23/05/2025,06:57:00,"223,23","386,64","3,76","796,02","0,95","269,48","840,39","59,81","0,05","1796,18","1,80"
23/05/2025,07:00:00,"222,72","385,76","3,11","659,58","0,95","210,02","692,21","59,94","0,05","1829,16","1,83"
23/05/2025,07:03:00,"222,36","385,14","4,80","993,12","0,93","393,41","1068,20","60,08","0,05","1878,81","1,88"
23/05/2025,07:06:00,"222,45","385,29","1,01","200,35","0,89","101,39","224,55","60,23","0,05","1888,83","1,89"
23/05/2025,07:09:00,"222,78","385,86","3,54","742,47","0,94","268,47","789,52","59,95","0,05","1925,95","1,93"
23/05/2025,07:12:00,"221,74","384,07","4,72","959,92","0,92","417,90","1046,94","59,91","0,05","1973,95","1,97"
23/05/2025,07:15:00,"221,55","383,74","3,37","686,38","0,92","292,07","745,93","60,17","0,05","2008,27","2,01"
23/05/2025,07:18:00,"220,80","382,43","2,81","564,99","0,91","257,06","620,72","59,93","0,05","2036,52","2,04"
23/05/2025,07:21:00,"221,94","384,41","6,21","1346,77","0,98","294,57","1378,61","60,00","0,05","2103,86","2,10"
23/05/2025,07:24:00,"221,79","384,15","6,25","1363,22","0,98","252,45","1386,40","60,00","0,05","2172,02","2,17"
23/05/2025,07:27:00,"223,16","386,52","6,40","1310,08","0,92","567,70","1427,79","59,94","0,05","2237,52","2,24"
23/05/2025,07:30:00,"224,21","388,35","1,20","248,27","0,92","104,63","269,41","59,95","0,05","2249,93","2,25"
23/05/2025,07:33:00,"224,50","388,84","1,27","283,08","0,99","28,44","284,50","60,30","0,05","2264,09","2,26"
23/05/2025,07:36:00,"222,84","385,97","6,56","1355,37","0,93","548,88","1462,29","60,02","0,05","2331,86","2,33"
23/05/2025,07:39:00,"223,60","387,28","4,64","985,20","0,95","324,36","1037,22","59,92","0,05","2381,12","2,38"
23/05/2025,07:42:00,"223,37","386,88","4,07","880,03","0,97","227,69","909,01","60,09","0,05","2425,12","2,43"
23/05/2025,07:45:00,"224,05","388,06","5,18","1075,64","0,93","434,26","1160,00","60,10","0,05","2478,90","2,48"
23/05/2025,07:48:00,"222,93","386,13","2,39","497,81","0,93","189,16","532,54","60,04","0,05","2503,79","2,50"
23/05/2025,07:51:00,"223,10","386,42","6,55","1389,33","0,95","453,26","1461,40","59,93","0,05","2573,26","2,57"
23/05/2025,07:54:00,"222,81","385,92","2,94","627,99","0,96","183,44","654,23","60,13","0,05","2604,66","2,60"
23/05/2025,07:57:00,"221,85","384,26","5,90","1227,76","0,94","452,55","1308,51","59,93","0,05","2666,05","2,67"
23/05/2025,08:00:00,"222,77","385,85","1,80","387,47","0,97","101,99","400,67","59,91","0,05","2685,42","2,69"
23/05/2025,08:03:00,"224,28","388,46","3,00","639,66","0,95","211,25","673,64","59,92","0,05","2717,40","2,72"
23/05/2025,08:06:00,"224,71","389,21","5,20","1129,55","0,97","302,99","1169,48","60,17","0,05","2773,88","2,77"
23/05/2025,08:09:00,"222,39","385,18","1,11","233,91","0,95","76,86","246,22","60,03","0,05","2785,58","2,79"
23/05/2025,08:12:00,"223,21","386,62","2,52","509,95","0,91","234,98","561,48","60,02","0,05","2811,07","2,81"
23/05/2025,08:15:00,"222,39","385,19","1,08","229,06","0,96","70,39","239,63","59,94","0,05","2822,53","2,82"
23/05/2025,08:18:00,"221,85","384,25","5,51","1148,86","0,94","416,13","1221,90","59,88","0,05","2879,97","2,88"
23/05/2025,08:21:00,"222,05","384,60","5,01","1027,47","0,92","425,59","1112,13","59,95","0,05","2931,34","2,93"
23/05/2025,08:24:00,"221,96","384,45","3,71","762,96","0,93","307,47","822,59","59,90","0,05","2969,49","2,97"
23/05/2025,08:27:00,"222,01","384,53","3,67","738,15","0,91","343,56","814,19","60,03","0,05","3006,40","3,01"
23/05/2025,08:30:00,"220,81","382,46","6,86","1427,73","0,94","505,26","1514,50","60,05","0,05","3077,78","3,08"
23/05/2025,08:33:00,"222,48","385,35","4,98","1076,68","0,97","262,17","1108,14","59,99","0,05","3131,62","3,13"
23/05/2025,08:36:00,"221,92","384,38","6,98","1489,52","0,96","427,97","1549,78","60,17","0,05","3206,10","3,21"
23/05/2025,08:39:00,"222,28","385,00","3,80","807,72","0,96","245,70","844,26","59,94","0,05","3246,48","3,25"
23/05/2025,08:42:00,"223,03","386,29","0,97","207,13","0,96","62,40","216,33","60,09","0,05","3256,84","3,26"
23/05/2025,08:45:00,"222,29","385,02","2,02","435,73","0,97","105,41","448,30","59,99","0,05","3278,62","3,28"
23/05/2025,08:48:00,"220,95","382,69","4,71","1007,15","0,97","261,12","1040,45","60,08","0,05","3328,98","3,33"
23/05/2025,08:51:00,"222,72","385,76","6,64","1425,34","0,96","390,99","1477,99","59,99","0,05","3400,25","3,40"
23/05/2025,08:54:00,"223,31","386,79","5,60","1198,51","0,96","356,15","1250,30","60,04","0,05","3460,17","3,46"
23/05/2025,08:57:00,"221,81","384,18","4,18","835,06","0,90","402,32","926,93","59,99","0,05","3501,93","3,50"
23/05/2025,09:00:00,"221,83","384,22","5,38","1078,36","0,90","513,14","1194,22","59,85","0,05","3555,85","3,56"
23/05/2025,09:03:00,"222,86","386,01","3,27","694,67","0,95","221,02","728,98","59,82","0,05","3590,58","3,59"
23/05/2025,09:06:00,"222,93","386,13","3,25","649,63","0,90","321,71","724,93","59,98","0,05","3623,06","3,62"
23/05/2025,09:09:00,"222,65","385,64","6,12","1337,49","0,98","260,76","1362,68","59,99","0,05","3689,93","3,69"
23/05/2025,09:12:00,"223,20","386,59","1,14","231,23","0,91","105,96","254,35","60,12","0,05","3701,50","3,70"
23/05/2025,09:15:00,"221,87","384,30","5,54","1153,23","0,94","424,93","1229,02","59,91","0,05","3759,16","3,76"
23/05/2025,09:18:00,"221,14","383,02","5,07","1080,50","0,96","302,45","1122,03","60,15","0,05","3813,18","3,81"
23/05/2025,09:21:00,"222,59","385,53","1,41","311,08","0,99","34,65","313,01","60,02","0,05","3828,74","3,83"
23/05/2025,09:24:00,"221,92","384,38","6,05","1270,21","0,95","437,25","1343,36","60,19","0,05","3892,25","3,89"
23/05/2025,09:27:00,"222,80","385,90","1,16","251,36","0,97","58,80","258,14","59,92","0,05","3904,82","3,90"
23/05/2025,09:30:00,"223,21","386,61","4,58","929,21","0,91","427,32","1022,76","60,00","0,05","3951,28","3,95"
23/05/2025,09:33:00,"224,60","389,02","6,63","1432,37","0,96","403,92","1488,23","59,97","0,05","4022,89","4,02"
23/05/2025,09:36:00,"223,52","387,14","5,52","1211,14","0,98","241,15","1234,92","60,07","0,05","4083,45","4,08"
23/05/2025,09:39:00,"221,30","383,30","4,88","1060,98","0,98","197,29","1079,16","59,74","0,05","4136,50","4,14"
23/05/2025,09:42:00,"223,49","387,10","6,59","1356,80","0,92","572,74","1472,73","60,09","0,05","4204,34","4,20"
23/05/2025,09:45:00,"224,01","388,00","3,36","724,40","0,96","207,81","753,61","60,09","0,05","4240,56","4,24"
23/05/2025,09:48:00,"222,08","384,66","3,42","679,52","0,90","337,12","758,56","59,91","0,05","4274,54","4,27"
23/05/2025,09:51:00,"222,76","385,82","2,23","470,30","0,95","162,52","497,59","59,98","0,05","4298,05","4,30"
23/05/2025,09:54:00,"222,14","384,76","6,26","1258,33","0,90","593,05","1391,08","60,10","0,05","4360,97","4,36"
23/05/2025,09:57:00,"222,80","385,91","7,06","1492,41","0,95","497,72","1573,22","60,00","0,05","4435,59","4,44"
23/05/2025,10:00:00,"221,60","383,82","3,01","640,30","0,96","185,39","666,60","60,05","0,05","4467,60","4,47"
23/05/2025,10:03:00,"222,59","385,54","2,10","431,73","0,93","176,67","466,48","60,01","0,05","4489,19","4,49"
23/05/2025,10:06:00,"222,36","385,15","6,60","1357,47","0,93","556,84","1467,24","60,00","0,05","4557,06","4,56"
23/05/2025,10:09:00,"221,13","383,00","4,85","1002,62","0,94","377,98","1071,50","60,02","0,05","4607,19","4,61"
23/05/2025,10:12:00,"222,63","385,61","3,38","711,29","0,94","248,48","753,44","60,08","0,05","4642,76","4,64"
23/05/2025,10:15:00,"221,96","384,45","3,05","617,85","0,91","275,32","676,42","60,00","0,05","4673,65","4,67"
23/05/2025,10:18:00,"222,45","385,30","4,79","1008,97","0,95","339,91","1064,69","59,90","0,05","4724,10","4,72"
23/05/2025,10:21:00,"222,75","385,81","3,73","785,52","0,94","272,34","831,39","60,01","0,05","4763,38","4,76"
23/05/2025,10:24:00,"222,55","385,47","6,10","1305,39","0,96","370,40","1356,92","59,99","0,05","4828,64","4,83"
23/05/2025,10:27:00,"223,58","387,26","5,94","1259,65","0,95","422,11","1328,49","60,00","0,05","4891,63","4,89"
23/05/2025,10:30:00,"220,83","382,48","4,90","995,08","0,92","426,93","1082,80","60,00","0,05","4941,38","4,94"
23/05/2025,10:33:00,"223,45","387,03","6,44","1382,76","0,96","399,62","1439,35","60,01","0,05","5010,52","5,01"
23/05/2025,10:36:00,"222,39","385,19","5,27","1130,28","0,96","312,77","1172,75","60,00","0,05","5067,03","5,07"
23/05/2025,10:39:00,"221,66","383,93","4,04","822,37","0,92","356,41","896,28","59,80","0,05","5108,15","5,11"
23/05/2025,10:42:00,"223,26","386,70","1,52","324,11","0,96","97,49","338,45","60,16","0,05","5124,36","5,12"
23/05/2025,10:45:00,"221,79","384,15","2,05","434,55","0,95","136,83","455,59","59,98","0,05","5146,08","5,15"
23/05/2025,10:48:00,"222,34","385,11","1,03","217,36","0,95","69,73","228,27","60,00","0,05","5156,95","5,16"
23/05/2025,10:51:00,"222,17","384,80","5,30","1113,25","0,94","385,96","1178,26","60,07","0,05","5212,62","5,21"
23/05/2025,10:54:00,"223,66","387,39","6,89","1417,35","0,92","604,08","1540,71","59,79","0,05","5283,48","5,28"
23/05/2025,10:57:00,"221,82","384,19","5,76","1174,27","0,92","501,44","1276,86","60,14","0,05","5342,20","5,34"
23/05/2025,11:00:00,"221,12","383,00","6,75","1384,29","0,93","556,99","1492,15","59,94","0,05","5411,41","5,41"
23/05/2025,11:03:00,"224,57","388,98","3,54","743,96","0,94","279,64","794,78","59,88","0,05","5448,61","5,45"
23/05/2025,11:06:00,"221,89","384,32","1,23","253,61","0,93","97,95","271,86","59,93","0,05","5461,29","5,46"
23/05/2025,11:09:00,"223,01","386,27","4,14","836,65","0,91","389,06","922,69","59,95","0,05","5503,12","5,50"
23/05/2025,11:12:00,"221,92","384,37","2,10","446,98","0,96","132,37","466,17","59,89","0,05","5525,47","5,53"
23/05/2025,11:15:00,"221,36","383,40","1,71","346,50","0,92","152,44","378,55","60,14","0,05","5542,80","5,54"
23/05/2025,11:18:00,"222,57","385,51","6,41","1373,93","0,96","385,38","1426,96","60,00","0,05","5611,49","5,61"
23/05/2025,11:21:00,"222,45","385,29","5,73","1184,38","0,93","471,03","1274,61","59,94","0,05","5670,71","5,67"
23/05/2025,11:24:00,"222,12","384,73","4,90","1056,55","0,97","259,81","1088,03","59,79","0,05","5723,54","5,72"
23/05/2025,11:27:00,"221,97","384,46","4,21","853,69","0,91","382,73","935,56","59,92","0,05","5766,22","5,77"
23/05/2025,11:30:00,"222,45","385,30","5,56","1186,48","0,96","347,06","1236,20","60,06","0,05","5825,55","5,83"
23/05/2025,11:33:00,"222,11","384,70","6,07","1220,58","0,91","570,13","1347,16","59,95","0,05","5886,58","5,89"
23/05/2025,11:36:00,"221,33","383,36","1,48","293,52","0,90","143,34","326,65","59,83","0,05","5901,25","5,90"
23/05/2025,11:39:00,"222,89","386,07","3,94","858,83","0,98","183,32","878,18","59,87","0,05","5944,19","5,94"
23/05/2025,11:42:00,"224,55","388,93","3,77","776,00","0,92","338,65","846,68","59,83","0,05","5982,99","5,98"
23/05/2025,11:45:00,"221,66","383,93","5,16","1109,67","0,97","276,30","1143,55","59,91","0,05","6038,48","6,04"
23/05/2025,11:48:00,"222,76","385,83","3,06","657,59","0,97","178,67","681,43","60,08","0,05","6071,36","6,07"
23/05/2025,11:51:00,"223,98","387,94","5,87","1212,68","0,92","507,68","1314,66","60,05","0,05","6131,99","6,13"
23/05/2025,11:54:00,"222,04","384,59","4,36","910,56","0,94","328,15","967,89","59,97","0,05","6177,52","6,18"
23/05/2025,11:57:00,"221,19","383,12","1,25","254,56","0,92","109,19","276,99","59,85","0,05","6190,25","6,19"
23/05/2025,12:00:00,"221,92","384,37","2,22","458,86","0,93","182,03","493,64","59,95","0,05","6213,19","6,21"
23/05/2025,12:03:00,"222,86","386,00","0,83","180,89","0,98","39,69","185,19","59,88","0,05","6222,23","6,22"
23/05/2025,12:06:00,"223,35","386,84","5,04","1122,60","1,00","86,42","1125,92","60,03","0,05","6278,36","6,28"
23/05/2025,12:09:00,"221,56","383,75","2,33","482,94","0,94","180,10","515,43","59,90","0,05","6302,51","6,30"
23/05/2025,12:12:00,"223,32","386,80","2,07","447,39","0,97","118,70","462,87","59,97","0,05","6324,88","6,32"
23/05/2025,12:15:00,"222,91","386,09","5,12","1069,98","0,94","397,57","1141,45","59,98","0,05","6378,38","6,38"
23/05/2025,12:18:00,"222,89","386,05","4,38","904,02","0,93","366,04","975,31","60,04","0,05","6423,58","6,42"
23/05/2025,12:21:00,"221,59","383,80","2,69","574,53","0,96","158,03","595,87","60,08","0,05","6452,31","6,45"
23/05/2025,12:24:00,"220,40","381,74","4,77","975,78","0,93","389,42","1050,62","60,18","0,05","6501,10","6,50"
23/05/2025,12:27:00,"221,64","383,90","3,27","677,82","0,93","259,64","725,84","60,10","0,05","6534,99","6,53"
23/05/2025,12:30:00,"222,76","385,82","4,75","1021,22","0,96","278,64","1058,55","59,98","0,05","6586,05","6,59"
23/05/2025,12:33:00,"222,63","385,61","3,29","695,65","0,95","231,98","733,31","60,04","0,05","6620,83","6,62"
23/05/2025,12:36:00,"221,76","384,10","3,83","813,98","0,96","243,36","849,59","60,02","0,05","6661,53","6,66"
23/05/2025,12:39:00,"222,21","384,87","3,83","845,26","0,99","104,62","851,71","59,98","0,05","6703,79","6,70"
23/05/2025,12:42:00,"222,45","385,29","3,88","812,68","0,94","288,22","862,28","60,10","0,05","6744,43","6,74"
23/05/2025,12:45:00,"222,57","385,50","3,26","670,43","0,92","276,02","725,03","60,06","0,05","6777,95","6,78"
23/05/2025,12:48:00,"222,74","385,80","1,90","405,53","0,96","117,62","422,24","60,04","0,05","6798,22","6,80"
23/05/2025,12:51:00,"224,48","388,80","4,62","973,05","0,94","357,40","1036,61","60,04","0,05","6846,88","6,85"
23/05/2025,12:54:00,"222,03","384,56","1,93","406,25","0,95","135,76","428,33","59,94","0,05","6867,19","6,87"
23/05/2025,12:57:00,"221,63","383,88","1,21","249,91","0,93","99,64","269,04","60,06","0,05","6879,68","6,88"
23/05/2025,13:00:00,"221,34","383,37","1,27","268,53","0,95","85,58","281,83","60,01","0,05","6893,11","6,89"
23/05/2025,13:03:00,"220,73","382,32","2,12","454,05","0,97","109,12","466,98","60,10","0,05","6915,81","6,92"
23/05/2025,13:06:00,"222,08","384,65","1,30","264,39","0,92","114,13","287,97","60,07","0,05","6929,03","6,93"
23/05/2025,13:09:00,"221,62","383,85","1,75","383,49","0,99","53,33","387,18","60,17","0,05","6948,21","6,95"
23/05/2025,13:12:00,"222,53","385,43","5,14","1113,97","0,97","255,07","1142,80","59,99","0,05","7003,91","7,00"
23/05/2025,13:15:00,"222,92","386,12","3,63","786,67","0,97","189,54","809,18","59,84","0,05","7043,24","7,04"
23/05/2025,13:18:00,"221,87","384,30","3,98","817,20","0,93","331,73","881,96","59,81","0,05","7084,10","7,08"
23/05/2025,13:21:00,"222,70","385,73","4,72","969,33","0,92","404,40","1050,30","59,98","0,05","7132,57","7,13"
23/05/2025,13:24:00,"222,52","385,41","1,39","286,01","0,92","118,66","309,64","60,12","0,05","7146,87","7,15"
23/05/2025,13:27:00,"224,27","388,45","1,45","299,81","0,92","123,51","324,26","60,03","0,05","7161,86","7,16"
23/05/2025,13:30:00,"222,32","385,07","3,51","760,07","0,97","174,93","779,94","60,02","0,05","7199,86","7,20"
23/05/2025,13:33:00,"222,36","385,13","1,69","353,41","0,94","129,80","376,50","59,90","0,05","7217,53","7,22"
23/05/2025,13:36:00,"223,14","386,48","4,33","954,82","0,99","146,10","965,94","59,98","0,05","7265,27","7,27"
23/05/2025,13:39:00,"225,21","390,08","3,81","829,58","0,97","223,26","859,10","59,96","0,05","7306,75","7,31"
23/05/2025,13:42:00,"223,80","387,64","2,56","543,97","0,95","177,93","572,33","59,87","0,05","7333,95","7,33"
23/05/2025,13:45:00,"222,94","386,15","3,17","662,89","0,94","243,11","706,06","60,00","0,05","7367,09","7,37"
23/05/2025,13:48:00,"221,34","383,37","3,28","701,42","0,97","184,33","725,24","60,07","0,05","7402,17","7,40"
23/05/2025,13:51:00,"222,60","385,55","0,83","173,24","0,93","66,46","185,55","59,95","0,05","7410,83","7,41"
23/05/2025,13:54:00,"222,98","386,21","1,28","284,99","1,00","0,00","284,99","59,98","0,05","7425,08","7,43"
23/05/2025,13:57:00,"220,90","382,61","3,02","639,49","0,96","190,42","667,24","59,79","0,05","7457,05","7,46"
23/05/2025,14:00:00,"222,46","385,31","3,57","766,49","0,97","207,94","794,20","60,05","0,05","7495,38","7,50"
23/05/2025,14:03:00,"222,32","385,07","3,18","676,28","0,96","202,61","705,97","60,07","0,05","7529,19","7,53"
23/05/2025,14:06:00,"222,95","386,17","4,92","1059,19","0,97","282,45","1096,20","60,20","0,05","7582,15","7,58"
23/05/2025,14:09:00,"222,41","385,22","2,98","641,22","0,97","167,32","662,69","60,14","0,05","7614,21","7,61"
23/05/2025,14:12:00,"222,19","384,84","2,73","576,98","0,95","185,97","606,21","60,07","0,05","7643,06","7,64"
23/05/2025,14:15:00,"222,54","385,45","2,12","438,43","0,93","172,32","471,07","60,12","0,05","7664,98","7,66"
23/05/2025,14:18:00,"221,58","383,79","1,34","280,83","0,94","97,92","297,41","59,98","0,05","7679,02","7,68"
23/05/2025,14:21:00,"222,51","385,40","2,76","593,70","0,97","159,79","614,83","60,02","0,05","7708,71","7,71"
23/05/2025,14:24:00,"220,76","382,37","3,01","663,48","1,00","0,00","663,48","59,88","0,05","7741,88","7,74"
23/05/2025,14:27:00,"221,61","383,84","4,47","972,51","0,98","191,58","991,20","59,89","0,05","7790,51","7,79"
23/05/2025,14:30:00,"220,77","382,39","2,12","459,64","0,98","84,68","467,38","60,04","0,05","7813,49","7,81"
23/05/2025,14:33:00,"223,09","386,40","0,96","203,03","0,95","68,71","214,35","59,93","0,05","7823,64","7,82"
23/05/2025,14:36:00,"222,19","384,85","5,16","1139,15","0,99","126,56","1146,16","59,92","0,05","7880,60","7,88"
23/05/2025,14:39:00,"222,07","384,64","4,75","1007,93","0,96","309,32","1054,32","60,12","0,05","7930,99","7,93"
23/05/2025,14:42:00,"223,67","387,40","4,90","1076,94","0,98","201,10","1095,56","60,10","0,05","7984,84","7,98"
23/05/2025,14:45:00,"224,06","388,08","3,56","750,15","0,94","272,68","798,17","59,94","0,05","8022,35","8,02"
23/05/2025,14:48:00,"222,48","385,34","4,39","943,28","0,97","252,24","976,43","59,72","0,05","8069,51","8,07"
23/05/2025,14:51:00,"220,98","382,75","3,34","685,81","0,93","275,22","738,97","60,00","0,05","8103,80","8,10"
23/05/2025,14:54:00,"224,09","388,14","4,93","1064,68","0,96","291,55","1103,88","60,01","0,05","8157,04","8,16"
23/05/2025,14:57:00,"221,71","384,01","1,89","417,07","1,00","29,86","418,14","59,87","0,05","8177,89","8,18"
23/05/2025,15:00:00,"223,83","387,69","2,48","552,17","0,99","57,28","555,13","59,87","0,05","8205,50","8,21"
23/05/2025,15:03:00,"224,28","388,46","3,45","743,58","0,96","215,71","774,24","60,11","0,05","8242,68","8,24"
23/05/2025,15:06:00,"222,00","384,51","1,09","237,72","0,98","43,24","241,62","59,94","0,05","8254,57","8,25"
23/05/2025,15:09:00,"222,57","385,50","2,38","521,02","0,98","92,09","529,09","60,08","0,05","8280,62","8,28"
23/05/2025,15:12:00,"224,06","388,08","4,52","986,10","0,97","233,79","1013,44","60,31","0,05","8329,92","8,33"
23/05/2025,15:15:00,"221,81","384,18","1,03","211,07","0,92","88,58","228,90","60,05","0,05","8340,47","8,34"
23/05/2025,15:18:00,"221,59","383,80","3,24","717,05","1,00","0,00","717,05","60,03","0,05","8376,33","8,38"
23/05/2025,15:21:00,"222,97","386,20","1,35","276,40","0,92","117,47","300,33","60,01","0,05","8390,15","8,39"
23/05/2025,15:24:00,"222,12","384,72","3,97","823,86","0,94","311,88","880,91","60,17","0,05","8431,34","8,43"
23/05/2025,15:27:00,"222,98","386,22","2,27","472,70","0,93","179,75","505,72","60,01","0,05","8454,97","8,45"
23/05/2025,15:30:00,"222,29","385,02","3,32","714,52","0,97","187,41","738,68","60,27","0,05","8490,70","8,49"
23/05/2025,15:33:00,"222,18","384,82","4,02","849,86","0,95","276,08","893,57","59,96","0,05","8533,19","8,53"
23/05/2025,15:36:00,"221,53","383,69","2,31","504,71","0,98","89,71","512,62","60,11","0,05","8558,43","8,56"
23/05/2025,15:39:00,"223,50","387,11","1,80","379,14","0,94","134,16","402,18","59,98","0,05","8577,39","8,58"
23/05/2025,15:42:00,"223,18","386,57","2,06","448,39","0,98","101,84","459,81","59,88","0,05","8599,81","8,60"
23/05/2025,15:45:00,"222,61","385,58","1,74","359,65","0,93","145,88","388,11","60,20","0,05","8617,79","8,62"
23/05/2025,15:48:00,"220,82","382,47","4,46","951,87","0,97","254,74","985,37","60,13","0,05","8665,38","8,67"
23/05/2025,15:51:00,"221,24","383,20","4,69","1006,17","0,97","254,22","1037,79","59,98","0,05","8715,69","8,72"
23/05/2025,15:54:00,"224,00","387,98","1,66","355,50","0,96","106,72","371,17","60,19","0,05","8733,47","8,73"
23/05/2025,15:57:00,"223,11","386,43","1,02","222,98","0,98","44,50","227,38","60,06","0,05","8744,61","8,74"
23/05/2025,16:00:00,"221,84","384,23","2,93","631,78","0,97","155,90","650,73","60,04","0,05","8776,20","8,78"
23/05/2025,16:03:00,"223,42","386,97","1,91","406,25","0,95","133,15","427,52","60,02","0,05","8796,52","8,80"
23/05/2025,16:06:00,"222,19","384,84","4,07","871,84","0,96","239,46","904,13","60,02","0,05","8840,11","8,84"
23/05/2025,16:09:00,"222,57","385,51","5,30","1145,39","0,97","284,29","1180,15","59,86","0,05","8897,38","8,90"
23/05/2025,16:12:00,"224,30","388,50","2,96","605,44","0,91","269,95","662,89","60,12","0,05","8927,65","8,93"
23/05/2025,16:15:00,"223,06","386,34","3,44","710,65","0,93","291,13","767,97","60,12","0,05","8963,18","8,96"
23/05/2025,16:18:00,"223,82","387,67","0,95","205,51","0,97","54,88","212,71","60,03","0,05","8973,46","8,97"
23/05/2025,16:21:00,"223,39","386,92","4,26","928,60","0,97","212,43","952,59","60,04","0,05","9019,89","9,02"
23/05/2025,16:24:00,"221,56","383,76","3,19","680,88","0,96","190,39","706,99","60,00","0,05","9053,93","9,05"
23/05/2025,16:27:00,"223,91","387,83","4,73","1026,46","0,97","263,28","1059,69","59,91","0,05","9105,25","9,11"
23/05/2025,16:30:00,"222,92","386,10","2,07","439,61","0,95","142,34","462,08","60,15","0,05","9127,24","9,13"
23/05/2025,16:33:00,"222,23","384,91","3,43","755,01","0,99","108,81","762,81","59,91","0,05","9164,99","9,16"
23/05/2025,16:36:00,"223,27","386,71","1,16","246,75","0,95","77,08","258,51","60,19","0,05","9177,32","9,18"
23/05/2025,16:39:00,"222,56","385,49","1,24","251,81","0,91","114,48","276,61","59,99","0,05","9189,91","9,19"
23/05/2025,16:42:00,"222,55","385,46","4,63","998,00","0,97","255,40","1030,16","60,03","0,05","9239,81","9,24"
23/05/2025,16:45:00,"221,22","383,16","3,75","782,82","0,94","277,19","830,45","59,93","0,05","9278,95","9,28"
23/05/2025,16:48:00,"221,18","383,10","1,08","225,48","0,95","76,53","238,12","60,17","0,05","9290,23","9,29"
23/05/2025,16:51:00,"221,95","384,42","1,59","339,51","0,96","98,58","353,53","59,90","0,05","9307,20","9,31"
23/05/2025,16:54:00,"222,97","386,19","2,01","446,05","0,99","52,59","449,14","60,10","0,05","9329,51","9,33"
23/05/2025,16:57:00,"222,86","386,00","1,52","317,91","0,94","119,17","339,52","60,04","0,05","9345,40","9,35"
23/05/2025,17:00:00,"222,25","384,96","0,96","208,82","0,98","40,65","212,74","59,97","0,05","9355,84","9,36"
23/05/2025,17:03:00,"221,98","384,48","2,03","413,52","0,92","181,29","451,52","59,92","0,05","9376,52","9,38"
23/05/2025,17:06:00,"223,42","386,97","5,05","1023,68","0,91","476,88","1129,31","60,02","0,05","9427,70","9,43"
23/05/2025,17:09:00,"221,67","383,94","3,24","709,93","0,99","102,46","717,28","59,98","0,05","9463,20","9,46"
23/05/2025,17:12:00,"223,75","387,55","3,44","748,76","0,97","176,49","769,27","59,97","0,05","9500,64","9,50"
23/05/2025,17:15:00,"222,47","385,33","3,69","806,54","0,98","152,53","820,83","59,91","0,05","9540,96","9,54"
23/05/2025,17:18:00,"222,42","385,24","1,90","416,14","0,98","75,98","423,02","59,92","0,05","9561,77","9,56"
23/05/2025,17:21:00,"222,95","386,17","3,69","774,53","0,94","279,01","823,25","59,85","0,05","9600,50","9,60"
23/05/2025,17:24:00,"219,52","380,22","2,07","432,16","0,95","141,19","454,64","60,05","0,05","9622,11","9,62"
23/05/2025,17:27:00,"223,70","387,45","3,51","782,70","1,00","73,54","786,15","59,99","0,05","9661,24","9,66"
23/05/2025,17:30:00,"223,53","387,17","2,94","613,55","0,93","237,54","657,92","59,96","0,05","9691,92","9,69"
23/05/2025,17:33:00,"223,31","386,79","4,22","883,86","0,94","325,99","942,06","60,11","0,05","9736,11","9,74"
23/05/2025,17:36:00,"223,11","386,45","4,60","981,21","0,96","297,66","1025,37","59,89","0,05","9785,17","9,79"
23/05/2025,17:39:00,"222,12","384,71","2,32","508,86","0,99","78,62","514,89","59,93","0,05","9810,62","9,81"
23/05/2025,17:42:00,"222,08","384,66","3,20","709,64","1,00","0,00","709,64","59,88","0,05","9846,10","9,85"
23/05/2025,17:45:00,"221,60","383,82","3,74","778,35","0,94","283,28","828,30","60,19","0,05","9885,01","9,89"
23/05/2025,17:48:00,"222,00","384,51","4,37","903,10","0,93","352,39","969,42","60,12","0,05","9930,17","9,93"
23/05/2025,17:51:00,"221,82","384,21","3,07","666,46","0,98","141,81","681,38","60,06","0,05","9963,49","9,96"
23/05/2025,17:54:00,"222,94","386,14","1,91","415,51","0,97","95,73","426,40","60,08","0,05","9984,27","9,98"
23/05/2025,17:57:00,"221,50","383,66","2,88","616,95","0,97","165,53","638,77","59,90","0,05","10015,12","10,02"
23/05/2025,18:00:00,"221,78","384,13","10,06","2106,79","0,94","734,92","2231,30","59,88","0,05","10120,46","10,12"
23/05/2025,18:03:00,"220,82","382,47","9,55","1950,78","0,93","798,70","2107,95","60,16","0,05","10217,99","10,22"
23/05/2025,18:06:00,"222,51","385,41","11,39","2252,80","0,89","1160,58","2534,18","60,08","0,05","10330,63","10,33"
23/05/2025,18:09:00,"221,49","383,64","6,95","1361,49","0,88","719,98","1540,14","60,01","0,05","10398,71","10,40"
23/05/2025,18:12:00,"222,70","385,73","8,91","1773,15","0,89","888,53","1983,32","60,00","0,05","10487,37","10,49"
23/05/2025,18:15:00,"221,64","383,90","10,56","2209,54","0,94","772,52","2340,70","60,27","0,05","10597,84","10,60"
23/05/2025,18:18:00,"222,32","385,07","11,64","2415,44","0,93","926,80","2587,15","60,00","0,05","10718,62","10,72"
23/05/2025,18:21:00,"221,61","383,83","4,41","932,86","0,96","289,59","976,77","60,09","0,05","10765,26","10,77"
23/05/2025,18:24:00,"222,77","385,85","8,87","1691,05","0,86","1022,84","1976,32","60,04","0,05","10849,81","10,85"
23/05/2025,18:27:00,"224,21","388,34","12,97","2511,40","0,86","1467,62","2908,78","60,04","0,05","10975,38","10,98"
23/05/2025,18:30:00,"223,21","386,61","9,06","1784,33","0,88","950,46","2021,69","60,17","0,05","11064,60","11,06"
23/05/2025,18:33:00,"222,54","385,45","10,48","1992,62","0,85","1213,24","2332,91","60,08","0,05","11164,23","11,16"
23/05/2025,18:36:00,"223,94","387,88","10,04","2073,41","0,92","872,17","2249,38","60,02","0,05","11267,90","11,27"
23/05/2025,18:39:00,"221,52","383,68","5,92","1152,50","0,88","627,08","1312,05","59,96","0,05","11325,52","11,33"
23/05/2025,18:42:00,"221,22","383,16","8,83","1641,21","0,84","1057,93","1952,63","60,01","0,05","11407,58","11,41"
23/05/2025,18:45:00,"220,35","381,66","5,71","1149,32","0,91","509,44","1257,17","60,23","0,05","11465,05","11,47"
23/05/2025,18:48:00,"223,55","387,20","7,05","1367,46","0,87","783,12","1575,82","59,94","0,05","11533,42","11,53"
23/05/2025,18:51:00,"222,25","384,94","10,83","2310,51","0,96","674,53","2406,96","60,07","0,05","11648,95","11,65"
23/05/2025,18:54:00,"222,64","385,62","11,04","2186,10","0,89","1121,37","2456,93","60,03","0,05","11758,25","11,76"
23/05/2025,18:57:00,"223,07","386,36","5,79","1152,20","0,89","584,86","1292,14","60,03","0,05","11815,86","11,82"
23/05/2025,19:00:00,"223,45","387,02","10,46","2196,62","0,94","800,69","2338,00","59,92","0,05","11925,69","11,93"
23/05/2025,19:03:00,"222,21","384,87","4,73","927,30","0,88","494,62","1050,97","60,06","0,05","11972,06","11,97"
23/05/2025,19:06:00,"222,92","386,11","6,50","1369,42","0,95","473,25","1448,89","59,96","0,05","12040,53","12,04"
23/05/2025,19:09:00,"222,10","384,69","8,51","1720,72","0,91","781,70","1889,96","59,98","0,05","12126,57","12,13"
23/05/2025,19:12:00,"222,66","385,65","4,89","996,50","0,92","436,15","1087,77","60,07","0,05","12176,39","12,18"
23/05/2025,19:15:00,"222,25","384,94","6,67","1364,63","0,92","579,51","1482,58","60,09","0,05","12244,62","12,24"
23/05/2025,19:18:00,"223,37","386,89","7,24","1442,14","0,89","729,61","1616,19","60,10","0,05","12316,73","12,32"
23/05/2025,19:21:00,"223,21","386,61","8,13","1641,89","0,91","771,58","1814,15","60,03","0,05","12398,82","12,40"
23/05/2025,19:24:00,"222,00","384,52","5,24","1085,24","0,93","419,54","1163,52","60,34","0,05","12453,09","12,45"
23/05/2025,19:27:00,"222,61","385,57","4,70","969,05","0,93","395,58","1046,69","60,06","0,05","12501,54","12,50"
23/05/2025,19:30:00,"222,11","384,71","4,31","900,02","0,94","326,34","957,36","60,08","0,05","12546,54","12,55"
23/05/2025,19:33:00,"222,59","385,53","5,31","1117,78","0,95","381,66","1181,14","59,89","0,05","12602,43","12,60"
23/05/2025,19:36:00,"222,30","385,03","7,71","1504,68","0,88","819,85","1713,54","60,14","0,05","12677,66","12,68"
23/05/2025,19:39:00,"223,98","387,95","9,73","1951,47","0,90","971,14","2179,76","60,03","0,05","12775,24","12,78"
23/05/2025,19:42:00,"222,42","385,24","8,95","1852,28","0,93","726,77","1989,76","59,94","0,05","12867,85","12,87"
23/05/2025,19:45:00,"222,27","384,99","4,45","899,11","0,91","411,11","988,65","59,93","0,05","12912,81","12,91"
23/05/2025,19:48:00,"221,08","382,93","5,82","1111,52","0,86","646,01","1285,61","60,16","0,05","12968,38","12,97"
23/05/2025,19:51:00,"222,99","386,24","8,82","1838,55","0,93","700,55","1967,49","59,95","0,05","13060,31","13,06"
23/05/2025,19:54:00,"222,10","384,69","10,66","2041,08","0,86","1200,26","2367,83","60,05","0,05","13162,36","13,16"
23/05/2025,19:57:00,"221,50","383,65","4,03","770,97","0,86","450,25","892,82","59,91","0,05","13200,91","13,20"
23/05/2025,20:00:00,"222,98","386,22","5,89","1229,18","0,94","464,05","1313,86","59,87","0,05","13262,37","13,26"
23/05/2025,20:03:00,"222,14","384,76","8,11","1549,55","0,86","920,56","1802,37","59,98","0,05","13339,85","13,34"
23/05/2025,20:06:00,"222,47","385,32","6,29","1196,47","0,85","727,28","1400,17","60,02","0,05","13399,67","13,40"
23/05/2025,20:09:00,"222,72","385,76","12,15","2470,24","0,91","1102,93","2705,28","59,89","0,05","13523,18","13,52"
23/05/2025,20:12:00,"221,83","384,21","7,91","1601,64","0,91","718,81","1755,55","60,21","0,05","13603,27","13,60"
23/05/2025,20:15:00,"223,20","386,59","7,97","1650,08","0,93","667,12","1779,83","60,12","0,05","13685,77","13,69"
23/05/2025,20:18:00,"221,72","384,03","8,35","1732,09","0,94","655,67","1852,04","59,93","0,05","13772,38","13,77"
23/05/2025,20:21:00,"224,19","388,30","4,03","839,65","0,93","332,68","903,16","60,04","0,05","13814,36","13,81"
23/05/2025,20:24:00,"222,93","386,12","12,21","2479,74","0,91","1119,89","2720,89","59,88","0,05","13938,35","13,94"
23/05/2025,20:27:00,"222,38","385,17","9,53","1954,77","0,92","821,09","2120,22","60,10","0,05","14036,08","14,04"
23/05/2025,20:30:00,"222,33","385,08","7,58","1520,42","0,90","728,27","1685,84","59,99","0,05","14112,10","14,11"
23/05/2025,20:33:00,"225,38","390,36","8,13","1605,42","0,88","881,63","1831,57","59,91","0,05","14192,38","14,19"
23/05/2025,20:36:00,"222,48","385,35","6,98","1407,86","0,91","654,46","1552,54","59,86","0,05","14262,77","14,26"
23/05/2025,20:39:00,"221,71","384,02","5,13","1085,39","0,95","340,07","1137,41","60,14","0,05","14317,04","14,32"
23/05/2025,20:42:00,"222,94","386,15","6,70","1267,39","0,85","788,66","1492,73","60,08","0,05","14380,41","14,38"
23/05/2025,20:45:00,"222,90","386,07","8,74","1787,93","0,92","772,97","1947,86","59,90","0,05","14469,80","14,47"
23/05/2025,20:48:00,"222,49","385,36","4,95","1023,27","0,93","409,98","1102,35","59,97","0,05","14520,97","14,52"
23/05/2025,20:51:00,"223,96","387,92","10,69","2002,91","0,84","1310,96","2393,79","60,09","0,05","14621,11","14,62"
23/05/2025,20:54:00,"223,05","386,33","8,88","1774,30","0,90","881,75","1981,32","59,96","0,05","14709,83","14,71"
23/05/2025,20:57:00,"220,93","382,67","11,64","2341,32","0,91","1065,13","2572,21","60,06","0,05","14826,89","14,83"
23/05/2025,21:00:00,"222,67","385,68","4,49","939,95","0,94","343,32","1000,69","59,98","0,05","14873,89","14,87"
23/05/2025,21:03:00,"222,36","385,14","4,90","1007,10","0,92","415,40","1089,41","60,02","0,05","14924,25","14,92"
23/05/2025,21:06:00,"221,34","383,37","8,66","1756,71","0,92","769,33","1917,79","60,13","0,05","15012,08","15,01"
23/05/2025,21:09:00,"222,66","385,67","10,42","2148,22","0,93","875,12","2319,63","59,94","0,05","15119,49","15,12"
23/05/2025,21:12:00,"223,50","387,12","8,79","1820,28","0,93","740,32","1965,07","59,78","0,05","15210,51","15,21"
23/05/2025,21:15:00,"222,55","385,46","9,33","1860,86","0,90","920,83","2076,23","60,05","0,05","15303,55","15,30"
23/05/2025,21:18:00,"222,10","384,68","4,27","807,69","0,85","495,68","947,66","60,06","0,05","15343,93","15,34"
23/05/2025,21:21:00,"220,97","382,73","4,37","900,04","0,93","348,94","965,31","59,95","0,05","15388,94","15,39"
23/05/2025,21:24:00,"224,58","388,98","6,90","1354,37","0,87","752,09","1549,18","59,99","0,05","15456,65","15,46"
23/05/2025,21:27:00,"221,03","382,83","9,30","1931,44","0,94","705,93","2056,41","60,05","0,05","15553,23","15,55"
23/05/2025,21:30:00,"221,21","383,15","11,89","2475,69","0,94","887,59","2629,99","59,94","0,05","15677,01","15,68"
23/05/2025,21:33:00,"222,94","386,14","9,65","2022,08","0,94","732,81","2150,77","59,97","0,05","15778,11","15,78"
23/05/2025,21:36:00,"221,37","383,43","6,66","1398,25","0,95","466,76","1474,10","60,02","0,05","15848,03","15,85"
23/05/2025,21:39:00,"223,18","386,56","7,28","1492,04","0,92","643,21","1624,78","60,00","0,05","15922,63","15,92"
23/05/2025,21:42:00,"222,16","384,79","4,83","915,98","0,85","558,87","1073,01","59,90","0,05","15968,43","15,97"
23/05/2025,21:45:00,"222,87","386,01","4,53","868,30","0,86","513,04","1008,55","60,07","0,05","16011,84","16,01"
23/05/2025,21:48:00,"222,45","385,29","7,85","1522,04","0,87","853,79","1745,16","60,10","0,05","16087,95","16,09"
23/05/2025,21:51:00,"223,88","387,78","6,74","1366,88","0,91","639,41","1509,04","60,09","0,05","16156,29","16,16"
23/05/2025,21:54:00,"222,34","385,11","8,81","1748,49","0,89","880,80","1957,81","59,98","0,05","16243,71","16,24"
23/05/2025,21:57:00,"223,56","387,22","7,17","1417,38","0,88","747,09","1602,21","59,82","0,05","16314,58","16,31"
23/05/2025,22:00:00,"223,07","386,37","6,24","1234,08","0,89","645,44","1392,68","60,04","0,05","16376,29","16,38"
23/05/2025,22:03:00,"221,87","384,29","12,74","2545,18","0,90","1231,29","2827,37","59,83","0,05","16503,55","16,50"
23/05/2025,22:06:00,"222,10","384,69","7,68","1440,04","0,84","912,37","1704,74","60,09","0,05","16575,55","16,58"
23/05/2025,22:09:00,"222,77","385,86","6,50","1329,74","0,92","574,52","1448,54","59,99","0,05","16642,03","16,64"
23/05/2025,22:12:00,"223,04","386,32","9,84","2060,94","0,94","757,45","2195,72","60,15","0,05","16745,08","16,75"
23/05/2025,22:15:00,"222,70","385,73","4,74","987,19","0,94","373,66","1055,54","59,94","0,05","16794,44","16,79"
23/05/2025,22:18:00,"221,67","383,94","5,23","1065,72","0,92","454,08","1158,42","60,05","0,05","16847,73","16,85"
23/05/2025,22:21:00,"223,69","387,44","6,47","1386,52","0,96","417,49","1448,01","59,98","0,05","16917,05","16,92"
23/05/2025,22:24:00,"223,21","386,62","10,22","2011,57","0,88","1074,00","2280,33","60,15","0,05","17017,63","17,02"
23/05/2025,22:27:00,"222,99","386,23","6,04","1290,09","0,96","385,43","1346,43","59,94","0,05","17082,14","17,08"
23/05/2025,22:30:00,"223,83","387,68","9,80","2055,11","0,94","767,02","2193,58","60,08","0,05","17184,89","17,18"
23/05/2025,22:33:00,"222,62","385,59","6,71","1266,63","0,85","790,05","1492,82","59,90","0,05","17248,22","17,25"
23/05/2025,22:36:00,"223,27","386,71","8,12","1560,55","0,86","924,18","1813,68","59,96","0,05","17326,25","17,33"
23/05/2025,22:39:00,"223,81","387,65","4,36","887,39","0,91","407,77","976,59","60,03","0,05","17370,62","17,37"
23/05/2025,22:42:00,"224,33","388,55","10,67","2128,26","0,89","1092,90","2392,47","60,07","0,05","17477,03","17,48"
23/05/2025,22:45:00,"223,27","386,72","7,85","1609,33","0,92","692,29","1751,92","59,95","0,05","17557,50","17,56"
23/05/2025,22:48:00,"221,31","383,31","4,90","979,72","0,90","464,44","1084,24","60,11","0,05","17606,49","17,61"
23/05/2025,22:51:00,"223,00","386,24","4,77","972,21","0,91","429,61","1062,90","60,05","0,05","17655,10","17,66"
23/05/2025,22:54:00,"222,43","385,26","9,58","1984,58","0,93","776,05","2130,91","59,84","0,05","17754,32","17,75"
23/05/2025,22:57:00,"222,84","385,97","8,03","1587,67","0,89","827,28","1790,28","60,02","0,05","17833,71","17,83"
23/05/2025,23:00:00,"221,47","383,60","9,62","1817,85","0,85","1110,85","2130,39","59,91","0,05","17924,60","17,92"
23/05/2025,23:03:00,"222,12","384,73","5,58","1067,62","0,86","627,57","1238,41","59,96","0,05","17977,98","17,98"
23/05/2025,23:06:00,"221,77","384,13","5,86","1174,89","0,90","557,37","1300,40","59,86","0,05","18036,73","18,04"
23/05/2025,23:09:00,"223,23","386,65","8,09","1668,85","0,92","687,54","1804,93","59,92","0,05","18120,17","18,12"
23/05/2025,23:12:00,"221,62","383,86","4,20","847,21","0,91","388,13","931,88","60,03","0,05","18162,53","18,16"
23/05/2025,23:15:00,"222,61","385,57","4,73","949,96","0,90","454,36","1053,02","59,98","0,05","18210,03","18,21"
23/05/2025,23:18:00,"223,71","387,48","9,03","1765,65","0,87","983,31","2020,99","60,15","0,05","18298,31","18,30"
23/05/2025,23:21:00,"223,47","387,05","10,74","2065,70","0,86","1222,24","2400,20","59,93","0,05","18401,59","18,40"
23/05/2025,23:24:00,"223,33","386,81","8,14","1681,59","0,92","692,63","1818,65","59,91","0,05","18485,67","18,49"
23/05/2025,23:27:00,"222,92","386,11","9,88","1964,67","0,89","995,76","2202,60","60,07","0,05","18583,91","18,58"
23/05/2025,23:30:00,"221,87","384,29","11,14","2135,76","0,86","1245,53","2472,41","59,95","0,05","18690,70","18,69"
23/05/2025,23:33:00,"221,21","383,15","4,76","956,42","0,91","439,26","1052,47","59,93","0,05","18738,52","18,74"
23/05/2025,23:36:00,"221,18","383,09","8,86","1742,01","0,89","899,69","1960,62","60,04","0,05","18825,62","18,83"
23/05/2025,23:39:00,"222,00","384,51","9,31","1844,65","0,89","931,18","2066,35","60,09","0,05","18917,85","18,92"
23/05/2025,23:42:00,"222,88","386,04","5,37","1039,17","0,87","593,28","1196,60","60,08","0,05","18969,81","18,97"
23/05/2025,23:45:00,"221,10","382,96","10,16","2111,86","0,94","765,93","2246,47","60,13","0,05","19075,40","19,08"
23/05/2025,23:48:00,"222,51","385,40","7,74","1493,63","0,87","857,30","1722,18","59,96","0,05","19150,08","19,15"
23/05/2025,23:51:00,"221,21","383,14","5,56","1086,03","0,88","578,52","1230,51","59,97","0,05","19204,38","19,20"
23/05/2025,23:54:00,"225,05","389,80","5,44","1039,78","0,85","647,07","1224,68","59,95","0,05","19256,37","19,26"
23/05/2025,23:57:00,"223,59","387,28","7,41","1505,75","0,91","690,41","1656,49","60,16","0,05","19331,66","19,33"
