Data,Hor√°rio,Tensao_Fase_C,Tensao_De_Linha_CA,Corrente_Fase_C,Potencia_Ativa_Fase_C,fator_De_Potencia_Fase_C,Potencia_Reativa_Fase_C,Potencia_Aparente_Fase_C,Frequencia_Fase_C,Intervalos em Hora,C (Wh),C (kWh)
23/05/2025,00:00:00,"222,27","384,98","0,37","83,09","1,00","0,00","83,09","60,18","0,05","4,15","0,00"
23/05/2025,00:03:00,"222,73","385,77","1,06","235,14","1,00","0,00","235,14","59,78","0,05","15,91","0,02"
23/05/2025,00:06:00,"221,11","382,97","0,51","105,80","0,94","37,40","112,22","60,01","0,05","21,20","0,02"
23/05/2025,00:09:00,"221,43","383,52","0,46","101,27","0,99","12,11","101,99","59,99","0,05","26,27","0,03"
23/05/2025,00:12:00,"223,56","387,22","0,56","120,42","0,97","31,58","124,49","59,96","0,05","32,29","0,03"
23/05/2025,00:15:00,"223,90","387,81","0,22","47,21","0,98","10,01","48,25","60,04","0,05","34,65","0,03"
23/05/2025,00:18:00,"223,28","386,73","0,99","217,74","0,99","38,14","221,06","60,11","0,05","45,53","0,05"
23/05/2025,00:21:00,"223,31","386,79","0,45","100,33","1,00","6,70","100,55","59,88","0,05","50,55","0,05"
23/05/2025,00:24:00,"221,08","382,93","1,25","262,50","0,95","88,91","277,15","59,96","0,05","63,68","0,06"
23/05/2025,00:27:00,"223,24","386,66","0,13","27,29","0,98","6,03","27,94","59,86","0,05","65,04","0,07"
23/05/2025,00:30:00,"221,76","384,09","1,25","270,99","0,98","60,09","277,57","60,03","0,05","78,59","0,08"
23/05/2025,00:33:00,"220,82","382,47","1,37","301,59","1,00","17,01","302,07","59,97","0,05","93,67","0,09"
23/05/2025,00:36:00,"221,00","382,79","1,02","218,90","0,97","57,65","226,37","59,95","0,05","104,61","0,10"
23/05/2025,00:39:00,"223,54","387,18","0,62","137,17","0,99","19,06","138,49","59,99","0,05","111,47","0,11"
23/05/2025,00:42:00,"224,06","388,08","0,70","156,39","0,99","20,68","157,75","60,07","0,05","119,29","0,12"
23/05/2025,00:45:00,"222,63","385,61","1,17","252,59","0,97","65,78","261,02","60,01","0,05","131,92","0,13"
23/05/2025,00:48:00,"223,33","386,81","0,21","44,86","0,93","17,02","47,98","59,95","0,05","134,16","0,13"
23/05/2025,00:51:00,"223,00","386,25","1,01","220,60","0,98","46,20","225,39","60,19","0,05","145,19","0,15"
23/05/2025,00:54:00,"222,87","386,02","0,15","32,67","0,98","6,74","33,35","60,03","0,05","146,83","0,15"
23/05/2025,00:57:00,"221,57","383,77","0,35","76,85","1,00","0,00","76,85","60,12","0,05","150,67","0,15"
23/05/2025,01:00:00,"222,56","385,49","0,80","175,20","0,98","36,60","178,99","60,02","0,05","159,43","0,16"
23/05/2025,01:03:00,"222,86","386,01","1,14","243,52","0,96","69,04","253,11","59,97","0,05","171,61","0,17"
23/05/2025,01:06:00,"224,47","388,79","0,34","73,53","0,96","22,12","76,78","59,99","0,05","175,28","0,18"
23/05/2025,01:09:00,"222,09","384,67","0,53","116,54","0,99","20,14","118,26","60,07","0,05","181,11","0,18"
23/05/2025,01:12:00,"222,02","384,55","0,78","171,99","0,99","24,92","173,79","60,00","0,05","189,71","0,19"
23/05/2025,01:15:00,"220,87","382,56","0,11","22,66","0,97","6,03","23,45","60,04","0,05","190,84","0,19"
23/05/2025,01:18:00,"223,97","387,93","0,50","109,45","0,98","24,66","112,19","59,92","0,05","196,31","0,20"
23/05/2025,01:21:00,"223,04","386,32","1,19","257,98","0,97","60,85","265,06","60,09","0,05","209,21","0,21"
23/05/2025,01:24:00,"223,46","387,04","0,81","181,85","1,00","0,00","181,85","59,88","0,05","218,31","0,22"
23/05/2025,01:27:00,"225,28","390,20","0,23","50,15","0,97","11,97","51,55","59,99","0,05","220,81","0,22"
23/05/2025,01:30:00,"224,18","388,28","0,87","192,20","0,99","30,13","194,55","59,95","0,05","230,42","0,23"
23/05/2025,01:33:00,"222,41","385,22","0,92","203,47","0,99","23,50","204,82","60,02","0,05","240,60","0,24"
23/05/2025,01:36:00,"223,51","387,14","0,49","105,59","0,96","29,36","109,60","60,06","0,05","245,88","0,25"
23/05/2025,01:39:00,"220,93","382,66","0,58","127,33","0,99","15,97","128,33","60,04","0,05","252,24","0,25"
23/05/2025,01:42:00,"223,06","386,35","0,32","69,78","0,98","15,08","71,39","60,00","0,05","255,73","0,26"
23/05/2025,01:45:00,"223,42","386,98","1,09","242,68","1,00","14,44","243,11","59,99","0,05","267,87","0,27"
23/05/2025,01:48:00,"222,69","385,72","1,19","260,15","0,99","45,21","264,05","60,04","0,05","280,87","0,28"
23/05/2025,01:51:00,"221,87","384,28","0,67","145,11","0,98","28,74","147,93","59,94","0,05","288,13","0,29"
23/05/2025,01:54:00,"222,44","385,27","1,02","227,90","1,00","0,00","227,90","59,98","0,05","299,52","0,30"
23/05/2025,01:57:00,"224,35","388,58","1,09","235,91","0,97","62,85","244,14","60,00","0,05","311,32","0,31"
23/05/2025,02:00:00,"221,57","383,76","0,69","147,65","0,96","42,04","153,51","60,01","0,05","318,70","0,32"
23/05/2025,02:03:00,"221,14","383,03","1,09","234,59","0,98","52,94","240,49","59,92","0,05","330,43","0,33"
23/05/2025,02:06:00,"221,84","384,24","0,69","143,91","0,94","52,45","153,17","59,99","0,05","337,63","0,34"
23/05/2025,02:09:00,"222,39","385,19","0,30","64,15","0,97","17,23","66,43","59,94","0,05","340,83","0,34"
23/05/2025,02:12:00,"223,48","387,08","1,45","313,75","0,97","79,45","323,65","59,84","0,05","356,52","0,36"
23/05/2025,02:15:00,"222,36","385,13","1,02","223,02","0,98","46,38","227,80","60,02","0,05","367,67","0,37"
23/05/2025,02:18:00,"223,28","386,73","0,51","112,70","0,98","21,76","114,78","59,99","0,05","373,31","0,37"
23/05/2025,02:21:00,"221,12","382,99","0,88","191,09","0,99","32,89","193,90","59,91","0,05","382,86","0,38"
23/05/2025,02:24:00,"220,30","381,57","0,78","165,28","0,96","45,04","171,31","60,06","0,05","391,13","0,39"
23/05/2025,02:27:00,"222,08","384,66","1,59","348,74","0,99","59,01","353,70","60,04","0,05","408,56","0,41"
23/05/2025,02:30:00,"222,97","386,20","0,32","69,53","0,97","17,28","71,65","60,08","0,05","412,04","0,41"
23/05/2025,02:33:00,"223,18","386,55","0,85","188,34","0,99","25,78","190,09","60,04","0,05","421,46","0,42"
23/05/2025,02:36:00,"222,53","385,43","0,98","217,28","1,00","18,22","218,04","59,97","0,05","432,32","0,43"
23/05/2025,02:39:00,"221,30","383,30","0,55","121,39","1,00","0,00","121,39","59,84","0,05","438,39","0,44"
23/05/2025,02:42:00,"223,48","387,08","0,51","110,88","0,98","24,66","113,59","59,98","0,05","443,93","0,44"
23/05/2025,02:45:00,"222,52","385,41","1,48","322,97","0,98","59,03","328,32","59,89","0,05","460,08","0,46"
23/05/2025,02:48:00,"222,30","385,04","0,80","174,29","0,98","37,32","178,24","60,07","0,05","468,80","0,47"
23/05/2025,02:51:00,"223,11","386,45","0,72","158,53","0,99","21,61","160,00","60,00","0,05","476,72","0,48"
23/05/2025,02:54:00,"221,99","384,50","0,75","165,81","1,00","0,00","165,81","59,90","0,05","485,01","0,49"
23/05/2025,02:57:00,"223,33","386,82","0,51","108,49","0,95","34,95","113,98","60,04","0,05","490,44","0,49"
23/05/2025,03:00:00,"222,19","384,85","0,99","212,19","0,96","59,77","220,45","60,03","0,05","501,05","0,50"
23/05/2025,03:03:00,"223,81","387,65","0,16","35,16","0,97","8,70","36,22","60,06","0,05","502,81","0,50"
23/05/2025,03:06:00,"222,07","384,64","1,37","294,09","0,97","79,54","304,66","60,05","0,05","517,51","0,52"
23/05/2025,03:09:00,"221,45","383,57","1,16","247,25","0,96","67,24","256,23","60,08","0,05","529,87","0,53"
23/05/2025,03:12:00,"222,86","386,00","0,76","165,96","0,98","37,15","170,07","60,14","0,05","538,17","0,54"
23/05/2025,03:15:00,"224,02","388,01","1,20","265,77","0,99","33,45","267,87","60,07","0,05","551,46","0,55"
23/05/2025,03:18:00,"222,37","385,16","1,53","334,45","0,98","60,73","339,92","59,90","0,05","568,18","0,57"
23/05/2025,03:21:00,"222,53","385,44","1,06","231,59","0,98","46,07","236,13","60,08","0,05","579,76","0,58"
23/05/2025,03:24:00,"221,69","383,99","1,31","278,78","0,96","84,91","291,42","59,79","0,05","593,70","0,59"
23/05/2025,03:27:00,"224,20","388,32","0,56","119,92","0,95","37,69","125,70","59,94","0,05","599,70","0,60"
23/05/2025,03:30:00,"223,19","386,58","1,33","287,30","0,97","71,63","296,09","60,18","0,05","614,06","0,61"
23/05/2025,03:33:00,"221,33","383,36","0,28","59,62","0,96","17,49","62,13","60,15","0,05","617,04","0,62"
23/05/2025,03:36:00,"222,40","385,20","0,48","104,18","0,97","27,66","107,79","59,91","0,05","622,25","0,62"
23/05/2025,03:39:00,"222,74","385,80","0,66","146,03","1,00","5,08","146,12","60,05","0,05","629,55","0,63"
23/05/2025,03:42:00,"222,93","386,12","0,98","209,26","0,96","62,99","218,53","59,82","0,05","640,02","0,64"
23/05/2025,03:45:00,"222,05","384,60","1,18","251,74","0,96","75,35","262,78","59,92","0,05","652,60","0,65"
23/05/2025,03:48:00,"223,99","387,96","0,41","89,38","0,96","25,46","92,94","59,89","0,05","657,07","0,66"
23/05/2025,03:51:00,"222,69","385,72","0,87","181,96","0,94","67,43","194,05","59,93","0,05","666,17","0,67"
23/05/2025,03:54:00,"223,11","386,44","0,14","30,53","1,00","2,08","30,60","59,96","0,05","667,70","0,67"
23/05/2025,03:57:00,"223,62","387,31","1,15","251,98","0,98","52,30","257,35","60,04","0,05","680,30","0,68"
23/05/2025,04:00:00,"222,76","385,84","0,85","183,61","0,97","43,24","188,64","59,93","0,05","689,48","0,69"
23/05/2025,04:03:00,"223,36","386,87","0,80","171,75","0,96","51,60","179,34","59,89","0,05","698,06","0,70"
23/05/2025,04:06:00,"222,07","384,64","0,96","212,56","1,00","10,14","212,80","59,87","0,05","708,69","0,71"
23/05/2025,04:09:00,"222,93","386,12","0,72","151,85","0,94","52,92","160,80","60,13","0,05","716,28","0,72"
23/05/2025,04:12:00,"222,60","385,55","0,40","87,21","0,98","17,88","89,03","60,00","0,05","720,65","0,72"
23/05/2025,04:15:00,"222,75","385,81","0,93","194,19","0,94","70,53","206,61","59,84","0,05","730,36","0,73"
23/05/2025,04:18:00,"221,94","384,42","0,26","55,58","0,97","14,33","57,40","60,22","0,05","733,13","0,73"
23/05/2025,04:21:00,"223,37","386,90","0,57","122,05","0,96","36,95","127,52","60,15","0,05","739,24","0,74"
23/05/2025,04:24:00,"221,81","384,18","0,28","58,78","0,96","17,08","61,21","60,18","0,05","742,18","0,74"
23/05/2025,04:27:00,"222,41","385,23","1,21","267,01","0,99","39,11","269,86","59,90","0,05","755,53","0,76"
23/05/2025,04:30:00,"220,64","382,16","0,94","203,16","0,98","43,88","207,84","59,99","0,05","765,68","0,77"
23/05/2025,04:33:00,"224,13","388,20","1,34","286,77","0,95","89,17","300,31","59,99","0,05","780,02","0,78"
23/05/2025,04:36:00,"222,04","384,58","1,33","291,53","0,99","48,20","295,49","60,00","0,05","794,60","0,79"
23/05/2025,04:39:00,"223,15","386,50","1,02","221,11","0,97","52,22","227,19","60,06","0,05","805,65","0,81"
23/05/2025,04:42:00,"222,38","385,17","1,45","303,03","0,94","109,77","322,29","60,01","0,05","820,81","0,82"
23/05/2025,04:45:00,"219,77","380,66","0,18","37,82","0,94","14,24","40,41","59,91","0,05","822,70","0,82"
23/05/2025,04:48:00,"223,01","386,27","1,18","252,37","0,96","70,66","262,08","60,06","0,05","835,32","0,84"
23/05/2025,04:51:00,"222,38","385,18","1,30","282,21","0,98","60,69","288,66","60,10","0,05","849,43","0,85"
23/05/2025,04:54:00,"221,96","384,45","0,42","91,42","0,98","17,52","93,08","59,98","0,05","854,00","0,85"
23/05/2025,04:57:00,"222,42","385,24","0,50","107,29","0,96","31,48","111,81","60,15","0,05","859,36","0,86"
23/05/2025,05:00:00,"222,77","385,86","1,09","237,94","0,98","46,60","242,46","59,96","0,05","871,26","0,87"
23/05/2025,05:03:00,"222,30","385,04","0,78","162,10","0,94","59,76","172,77","60,07","0,05","879,36","0,88"
23/05/2025,05:06:00,"222,94","386,14","1,07","230,60","0,97","59,34","238,11","60,07","0,05","890,89","0,89"
23/05/2025,05:09:00,"222,76","385,83","1,34","286,81","0,96","83,20","298,64","60,11","0,05","905,23","0,91"
23/05/2025,05:12:00,"221,91","384,36","1,15","254,57","1,00","12,11","254,85","60,00","0,05","917,96","0,92"
23/05/2025,05:15:00,"221,42","383,52","0,58","128,17","1,00","0,00","128,17","60,13","0,05","924,37","0,92"
23/05/2025,05:18:00,"221,03","382,83","0,85","183,29","0,98","36,49","186,88","59,92","0,05","933,54","0,93"
23/05/2025,05:21:00,"220,94","382,68","0,67","143,34","0,97","36,53","147,93","59,90","0,05","940,70","0,94"
23/05/2025,05:24:00,"221,72","384,04","1,05","219,98","0,95","73,42","231,91","60,05","0,05","951,70","0,95"
23/05/2025,05:27:00,"222,52","385,41","0,74","159,30","0,96","44,28","165,34","59,93","0,05","959,67","0,96"
23/05/2025,05:30:00,"222,26","384,96","0,86","190,03","1,00","0,00","190,03","60,06","0,05","969,17","0,97"
23/05/2025,05:33:00,"222,65","385,64","0,51","110,38","0,98","22,12","112,58","60,11","0,05","974,69","0,97"
23/05/2025,05:36:00,"223,66","387,39","0,72","153,86","0,95","50,84","162,04","60,10","0,05","982,38","0,98"
23/05/2025,05:39:00,"223,35","386,86","0,90","190,80","0,95","64,03","201,25","60,03","0,05","991,92","0,99"
23/05/2025,05:42:00,"221,04","382,85","1,09","233,65","0,97","54,91","240,01","60,08","0,05","1003,60","1,00"
23/05/2025,05:45:00,"222,77","385,85","1,38","294,93","0,96","86,77","307,43","60,04","0,05","1018,35","1,02"
23/05/2025,05:48:00,"223,05","386,33","1,04","223,71","0,97","58,22","231,16","59,93","0,05","1029,53","1,03"
23/05/2025,05:51:00,"223,74","387,52","0,40","88,10","0,98","19,56","90,25","59,88","0,05","1033,94","1,03"
23/05/2025,05:54:00,"223,84","387,71","0,97","207,98","0,96","64,44","217,73","59,99","0,05","1044,34","1,04"
23/05/2025,05:57:00,"222,56","385,49","0,78","170,17","0,98","32,70","173,28","59,80","0,05","1052,85","1,05"
23/05/2025,06:00:00,"222,87","386,02","5,95","1240,04","0,94","469,54","1325,96","60,03","0,05","1114,85","1,11"
23/05/2025,06:03:00,"226,09","391,60","2,86","616,32","0,95","195,38","646,55","60,07","0,05","1145,67","1,15"
23/05/2025,06:06:00,"220,70","382,27","3,46","673,42","0,88","357,90","762,62","60,08","0,05","1179,34","1,18"
23/05/2025,06:09:00,"222,76","385,84","3,03","642,98","0,95","206,72","675,39","59,85","0,05","1211,49","1,21"
23/05/2025,06:12:00,"222,89","386,05","4,05","804,90","0,89","409,83","903,23","60,03","0,05","1251,73","1,25"
23/05/2025,06:15:00,"222,61","385,56","3,46","737,68","0,96","221,07","770,09","59,96","0,05","1288,61","1,29"
23/05/2025,06:18:00,"223,26","386,70","5,11","1062,49","0,93","414,70","1140,55","60,03","0,05","1341,74","1,34"
23/05/2025,06:21:00,"221,16","383,06","2,25","457,27","0,92","195,93","497,48","60,04","0,05","1364,60","1,36"
23/05/2025,06:24:00,"221,96","384,44","6,21","1327,32","0,96","373,29","1378,81","60,02","0,05","1430,97","1,43"
23/05/2025,06:27:00,"221,77","384,12","5,09","1065,27","0,94","372,72","1128,59","60,12","0,05","1484,23","1,48"
23/05/2025,06:30:00,"222,13","384,75","3,63","724,83","0,90","355,57","807,35","59,98","0,05","1520,47","1,52"
23/05/2025,06:33:00,"223,94","387,88","2,64","576,58","0,97","133,78","591,90","60,05","0,05","1549,30","1,55"
23/05/2025,06:36:00,"223,37","386,89","6,17","1327,14","0,96","374,05","1378,85","59,92","0,05","1615,66","1,62"
23/05/2025,06:39:00,"221,90","384,34","1,66","353,94","0,96","99,93","367,78","60,13","0,05","1633,36","1,63"
23/05/2025,06:42:00,"222,86","386,01","2,08","445,87","0,96","129,01","464,16","59,98","0,05","1655,65","1,66"
23/05/2025,06:45:00,"222,76","385,83","1,42","311,79","0,98","54,92","316,59","59,98","0,05","1671,24","1,67"
23/05/2025,06:48:00,"221,78","384,13","3,58","741,69","0,93","283,81","794,14","60,04","0,05","1708,32","1,71"
23/05/2025,06:51:00,"222,80","385,89","4,19","895,36","0,96","260,42","932,47","59,89","0,05","1753,09","1,75"
23/05/2025,06:54:00,"222,97","386,20","5,77","1173,35","0,91","529,93","1287,47","60,07","0,05","1811,76","1,81"
23/05/2025,06:57:00,"222,49","385,37","2,53","540,86","0,96","156,88","563,15","60,11","0,05","1838,80","1,84"
23/05/2025,07:00:00,"221,91","384,37","3,34","665,99","0,90","323,05","740,20","59,87","0,05","1872,10","1,87"
23/05/2025,07:03:00,"222,40","385,21","7,05","1519,69","0,97","387,69","1568,36","59,98","0,05","1948,09","1,95"
23/05/2025,07:06:00,"223,18","386,56","1,49","296,66","0,89","149,62","332,25","60,05","0,05","1962,92","1,96"
23/05/2025,07:09:00,"222,59","385,54","6,17","1296,53","0,94","450,24","1372,48","59,95","0,05","2027,75","2,03"
23/05/2025,07:12:00,"220,96","382,72","3,79","799,13","0,95","253,10","838,25","59,98","0,05","2067,70","2,07"
23/05/2025,07:15:00,"221,84","384,23","4,03","844,50","0,95","291,76","893,47","60,07","0,05","2109,93","2,11"
23/05/2025,07:18:00,"224,28","388,46","5,26","1099,69","0,93","424,16","1178,65","60,24","0,05","2164,91","2,16"
23/05/2025,07:21:00,"222,26","384,96","6,75","1367,26","0,91","619,08","1500,89","60,02","0,05","2233,27","2,23"
23/05/2025,07:24:00,"223,53","387,16","6,71","1343,71","0,90","667,00","1500,15","59,87","0,05","2300,46","2,30"
23/05/2025,07:27:00,"223,47","387,06","3,13","656,80","0,94","240,48","699,44","59,99","0,05","2333,30","2,33"
23/05/2025,07:30:00,"221,85","384,25","3,86","784,03","0,91","346,02","856,99","59,99","0,05","2372,50","2,37"
23/05/2025,07:33:00,"222,53","385,44","4,85","1058,37","0,98","206,28","1078,28","59,98","0,05","2425,42","2,43"
23/05/2025,07:36:00,"221,40","383,47","1,23","255,94","0,94","95,12","273,05","59,92","0,05","2438,22","2,44"
23/05/2025,07:39:00,"223,21","386,61","2,49","513,11","0,92","212,69","555,45","59,93","0,05","2463,87","2,46"
23/05/2025,07:42:00,"222,82","385,94","2,97","640,70","0,97","164,17","661,39","60,11","0,05","2495,91","2,50"
23/05/2025,07:45:00,"220,64","382,17","5,77","1166,26","0,92","512,76","1274,00","60,05","0,05","2554,22","2,55"
23/05/2025,07:48:00,"221,85","384,26","2,33","479,46","0,93","193,00","516,84","59,98","0,05","2578,19","2,58"
23/05/2025,07:51:00,"221,92","384,38","1,97","417,82","0,96","126,49","436,55","59,95","0,05","2599,08","2,60"
23/05/2025,07:54:00,"220,93","382,66","5,60","1204,65","0,97","282,69","1237,38","60,20","0,05","2659,32","2,66"
23/05/2025,07:57:00,"223,40","386,93","2,91","627,98","0,97","167,41","649,91","60,13","0,05","2690,72","2,69"
23/05/2025,08:00:00,"221,98","384,49","6,22","1352,06","0,98","283,80","1381,52","60,05","0,05","2758,32","2,76"
23/05/2025,08:03:00,"222,12","384,73","4,22","882,70","0,94","314,35","937,00","60,14","0,05","2802,45","2,80"
23/05/2025,08:06:00,"222,31","385,04","1,69","346,82","0,92","146,89","376,64","59,81","0,05","2819,79","2,82"
23/05/2025,08:09:00,"222,60","385,56","6,72","1406,86","0,94","511,41","1496,93","59,84","0,05","2890,14","2,89"
23/05/2025,08:12:00,"220,56","382,02","6,51","1338,97","0,93","516,21","1435,03","60,17","0,05","2957,09","2,96"
23/05/2025,08:15:00,"222,18","384,82","1,71","363,40","0,96","108,16","379,16","60,05","0,05","2975,26","2,98"
23/05/2025,08:18:00,"222,01","384,53","6,78","1350,68","0,90","664,36","1505,23","60,19","0,05","3042,79","3,04"
23/05/2025,08:21:00,"222,72","385,76","6,29","1280,22","0,91","568,39","1400,72","60,06","0,05","3106,80","3,11"
23/05/2025,08:24:00,"223,10","386,43","3,89","825,61","0,95","269,22","868,39","59,69","0,05","3148,08","3,15"
23/05/2025,08:27:00,"222,40","385,21","6,08","1232,51","0,91","557,88","1352,89","59,80","0,05","3209,71","3,21"
23/05/2025,08:30:00,"222,92","386,11","1,62","345,70","0,96","101,15","360,20","59,98","0,05","3226,99","3,23"
23/05/2025,08:33:00,"222,22","384,90","1,92","409,79","0,96","122,39","427,67","60,15","0,05","3247,48","3,25"
23/05/2025,08:36:00,"220,07","381,18","5,07","1047,88","0,94","384,27","1116,11","59,91","0,05","3299,88","3,30"
23/05/2025,08:39:00,"223,15","386,51","6,65","1412,01","0,95","459,23","1484,81","59,96","0,05","3370,48","3,37"
23/05/2025,08:42:00,"223,50","387,12","2,79","563,08","0,90","269,86","624,40","59,97","0,05","3398,63","3,40"
23/05/2025,08:45:00,"223,03","386,30","5,43","1087,99","0,90","533,82","1211,90","60,01","0,05","3453,03","3,45"
23/05/2025,08:48:00,"222,21","384,88","3,96","837,98","0,95","268,29","879,88","60,16","0,05","3494,93","3,49"
23/05/2025,08:51:00,"222,60","385,55","7,08","1525,93","0,97","397,89","1576,95","59,82","0,05","3571,22","3,57"
23/05/2025,08:54:00,"222,00","384,51","4,09","873,19","0,96","245,06","906,93","60,02","0,05","3614,88","3,61"
23/05/2025,08:57:00,"222,70","385,73","4,42","904,20","0,92","389,21","984,41","60,03","0,05","3660,09","3,66"
23/05/2025,09:00:00,"221,89","384,32","3,83","803,38","0,95","276,98","849,78","59,92","0,05","3700,26","3,70"
23/05/2025,09:03:00,"223,07","386,37","2,93","650,33","0,99","70,56","654,15","60,17","0,05","3732,78","3,73"
23/05/2025,09:06:00,"221,96","384,45","2,23","481,08","0,97","120,66","495,98","59,91","0,05","3756,83","3,76"
23/05/2025,09:09:00,"221,05","382,87","1,67","357,96","0,97","93,87","370,07","60,12","0,05","3774,73","3,77"
23/05/2025,09:12:00,"222,61","385,57","6,10","1276,17","0,94","463,19","1357,63","59,83","0,05","3838,54","3,84"
23/05/2025,09:15:00,"223,56","387,21","1,46","304,66","0,94","115,05","325,66","60,07","0,05","3853,77","3,85"
23/05/2025,09:18:00,"223,09","386,41","2,76","589,62","0,96","174,44","614,88","60,02","0,05","3883,25","3,88"
23/05/2025,09:21:00,"222,19","384,85","4,96","987,87","0,90","489,26","1102,39","59,97","0,05","3932,65","3,93"
23/05/2025,09:24:00,"222,04","384,59","3,78","783,47","0,93","299,84","838,89","59,92","0,05","3971,82","3,97"
23/05/2025,09:27:00,"222,48","385,35","3,91","811,05","0,93","315,54","870,26","60,04","0,05","4012,37","4,01"
23/05/2025,09:30:00,"222,01","384,53","6,96","1487,53","0,96","421,28","1546,03","59,96","0,05","4086,75","4,09"
23/05/2025,09:33:00,"219,95","380,96","3,17","668,00","0,96","199,79","697,24","60,12","0,05","4120,15","4,12"
23/05/2025,09:36:00,"222,54","385,45","2,23","463,78","0,93","176,32","496,16","59,98","0,05","4143,34","4,14"
23/05/2025,09:39:00,"221,19","383,12","2,80","585,92","0,95","198,90","618,76","59,93","0,05","4172,63","4,17"
23/05/2025,09:42:00,"222,12","384,73","3,73","819,38","0,99","129,99","829,63","59,96","0,05","4213,60","4,21"
23/05/2025,09:45:00,"222,84","385,97","5,54","1090,11","0,88","578,45","1234,07","59,96","0,05","4268,11","4,27"
23/05/2025,09:48:00,"221,32","383,35","3,18","670,75","0,95","215,33","704,47","59,80","0,05","4301,65","4,30"
23/05/2025,09:51:00,"220,18","381,37","2,70","568,61","0,95","176,91","595,50","59,84","0,05","4330,08","4,33"
23/05/2025,09:54:00,"222,45","385,30","2,73","597,38","0,98","112,07","607,80","60,06","0,05","4359,95","4,36"
23/05/2025,09:57:00,"221,98","384,48","3,83","825,07","0,97","201,19","849,24","60,11","0,05","4401,20","4,40"
23/05/2025,10:00:00,"223,10","386,42","2,05","415,21","0,91","192,34","457,60","60,00","0,05","4421,96","4,42"
23/05/2025,10:03:00,"222,45","385,30","6,29","1370,72","0,98","281,40","1399,30","60,09","0,05","4490,50","4,49"
23/05/2025,10:06:00,"220,48","381,88","1,38","294,49","0,97","78,20","304,69","60,00","0,05","4505,22","4,51"
23/05/2025,10:09:00,"222,45","385,30","3,19","652,01","0,92","281,52","710,19","60,06","0,05","4537,82","4,54"
23/05/2025,10:12:00,"223,31","386,78","2,01","431,84","0,96","118,65","447,84","60,00","0,05","4559,41","4,56"
23/05/2025,10:15:00,"222,11","384,70","5,27","1083,41","0,93","441,08","1169,75","59,99","0,05","4613,58","4,61"
23/05/2025,10:18:00,"223,28","386,74","5,02","1043,98","0,93","410,40","1121,75","59,88","0,05","4665,78","4,67"
23/05/2025,10:21:00,"222,92","386,10","2,14","437,64","0,92","187,88","476,27","59,99","0,05","4687,66","4,69"
23/05/2025,10:24:00,"222,90","386,07","5,84","1240,09","0,95","392,75","1300,80","60,00","0,05","4749,67","4,75"
23/05/2025,10:27:00,"223,46","387,04","1,07","219,60","0,92","95,24","239,36","59,89","0,05","4760,65","4,76"
23/05/2025,10:30:00,"222,84","385,96","5,15","1095,09","0,95","343,71","1147,76","60,03","0,05","4815,40","4,82"
23/05/2025,10:33:00,"221,44","383,55","5,21","1046,12","0,91","485,20","1153,17","60,08","0,05","4867,71","4,87"
23/05/2025,10:36:00,"222,72","385,76","5,43","1171,93","0,97","302,58","1210,36","59,88","0,05","4926,31","4,93"
23/05/2025,10:39:00,"221,98","384,49","4,88","1010,20","0,93","393,12","1084,00","59,90","0,05","4976,82","4,98"
23/05/2025,10:42:00,"222,65","385,64","6,07","1246,32","0,92","520,15","1350,51","60,17","0,05","5039,13","5,04"
23/05/2025,10:45:00,"223,22","386,62","1,96","419,83","0,96","122,13","437,23","60,02","0,05","5060,12","5,06"
23/05/2025,10:48:00,"223,10","386,43","1,48","314,40","0,95","99,46","329,76","60,00","0,05","5075,84","5,08"
23/05/2025,10:51:00,"223,11","386,44","5,44","1173,39","0,97","306,81","1212,84","60,04","0,05","5134,51","5,13"
23/05/2025,10:54:00,"223,88","387,76","6,00","1301,41","0,97","333,36","1343,43","59,96","0,05","5199,58","5,20"
23/05/2025,10:57:00,"222,75","385,81","4,09","856,41","0,94","310,19","910,85","59,97","0,05","5242,40","5,24"
23/05/2025,11:00:00,"223,15","386,51","1,90","406,82","0,96","120,73","424,35","59,98","0,05","5262,75","5,26"
23/05/2025,11:03:00,"224,77","389,31","6,95","1414,03","0,90","665,91","1562,98","59,98","0,05","5333,45","5,33"
23/05/2025,11:06:00,"222,40","385,21","2,91","598,13","0,92","247,13","647,18","59,91","0,05","5363,35","5,36"
23/05/2025,11:09:00,"222,17","384,81","4,48","922,05","0,93","376,32","995,88","59,93","0,05","5409,46","5,41"
23/05/2025,11:12:00,"222,95","386,17","5,13","1036,20","0,91","486,19","1144,60","60,04","0,05","5461,27","5,46"
23/05/2025,11:15:00,"224,54","388,92","2,32","478,06","0,92","205,38","520,31","59,93","0,05","5485,17","5,49"
23/05/2025,11:18:00,"223,16","386,53","6,05","1237,86","0,92","541,76","1351,23","59,93","0,05","5547,06","5,55"
23/05/2025,11:21:00,"221,68","383,95","1,45","314,20","0,98","63,60","320,57","60,13","0,05","5562,77","5,56"
23/05/2025,11:24:00,"222,17","384,80","5,48","1122,83","0,92","467,79","1216,38","59,82","0,05","5618,91","5,62"
23/05/2025,11:27:00,"222,63","385,60","5,11","1028,66","0,90","484,47","1137,04","60,11","0,05","5670,35","5,67"
23/05/2025,11:30:00,"222,07","384,64","5,76","1170,35","0,91","516,82","1279,38","60,11","0,05","5728,86","5,73"
23/05/2025,11:33:00,"221,93","384,39","6,42","1315,11","0,92","547,91","1424,68","60,09","0,05","5794,62","5,79"
23/05/2025,11:36:00,"223,17","386,54","2,77","589,81","0,95","185,37","618,26","60,06","0,05","5824,11","5,82"
23/05/2025,11:39:00,"222,85","385,99","1,29","270,38","0,94","99,21","288,01","60,08","0,05","5837,63","5,84"
23/05/2025,11:42:00,"223,98","387,94","5,51","1137,13","0,92","480,81","1234,60","59,76","0,05","5894,49","5,89"
23/05/2025,11:45:00,"221,95","384,43","1,65","354,48","0,97","91,33","366,06","60,19","0,05","5912,21","5,91"
23/05/2025,11:48:00,"220,90","382,61","4,04","814,38","0,91","365,21","892,53","60,00","0,05","5952,93","5,95"
23/05/2025,11:51:00,"221,75","384,08","3,60","763,77","0,96","231,53","798,09","59,98","0,05","5991,12","5,99"
23/05/2025,11:54:00,"224,13","388,20","2,35","499,71","0,95","167,86","527,15","60,09","0,05","6016,10","6,02"
23/05/2025,11:57:00,"221,81","384,18","3,65","749,44","0,93","306,46","809,68","59,98","0,05","6053,57","6,05"
23/05/2025,12:00:00,"222,31","385,05","1,22","269,24","0,99","33,02","271,26","60,09","0,05","6067,04","6,07"
23/05/2025,12:03:00,"223,97","387,92","3,91","869,63","0,99","95,81","874,90","60,13","0,05","6110,52","6,11"
23/05/2025,12:06:00,"223,54","387,18","5,03","1091,54","0,97","274,40","1125,51","59,99","0,05","6165,10","6,17"
23/05/2025,12:09:00,"224,28","388,47","1,59","351,48","0,99","57,39","356,13","60,00","0,05","6182,67","6,18"
23/05/2025,12:12:00,"221,88","384,30","4,99","1056,56","0,96","327,44","1106,13","59,93","0,05","6235,50","6,24"
23/05/2025,12:15:00,"220,77","382,39","1,34","278,03","0,94","97,99","294,79","59,91","0,05","6249,40","6,25"
23/05/2025,12:18:00,"222,71","385,74","0,84","184,00","0,98","39,29","188,14","59,87","0,05","6258,60","6,26"
23/05/2025,12:21:00,"222,99","386,24","3,09","650,11","0,94","225,89","688,23","60,00","0,05","6291,10","6,29"
23/05/2025,12:24:00,"222,00","384,52","0,97","206,68","0,96","58,46","214,79","60,01","0,05","6301,44","6,30"
23/05/2025,12:27:00,"222,96","386,18","1,39","297,41","0,96","88,50","310,30","60,14","0,05","6316,31","6,32"
23/05/2025,12:30:00,"223,70","387,47","3,01","668,67","0,99","80,14","673,45","60,25","0,05","6349,74","6,35"
23/05/2025,12:33:00,"221,32","383,34","3,15","662,17","0,95","215,87","696,47","59,83","0,05","6382,85","6,38"
23/05/2025,12:36:00,"222,70","385,73","3,72","798,13","0,96","219,66","827,81","60,27","0,05","6422,76","6,42"
23/05/2025,12:39:00,"222,44","385,28","2,32","495,82","0,96","140,56","515,36","60,00","0,05","6447,55","6,45"
23/05/2025,12:42:00,"220,97","382,74","1,18","253,16","0,97","63,73","261,06","59,93","0,05","6460,21","6,46"
23/05/2025,12:45:00,"222,43","385,26","4,70","1002,90","0,96","297,81","1046,19","59,93","0,05","6510,35","6,51"
23/05/2025,12:48:00,"223,50","387,12","4,28","896,68","0,94","331,93","956,14","59,97","0,05","6555,19","6,56"
23/05/2025,12:51:00,"222,14","384,76","3,55","737,86","0,94","276,78","788,06","60,00","0,05","6592,08","6,59"
23/05/2025,12:54:00,"223,90","387,80","3,96","863,27","0,97","203,41","886,91","59,89","0,05","6635,24","6,64"
23/05/2025,12:57:00,"220,82","382,48","3,55","750,89","0,96","225,32","783,97","60,10","0,05","6672,79","6,67"
23/05/2025,13:00:00,"222,27","384,99","2,02","425,98","0,95","138,69","447,99","60,09","0,05","6694,08","6,69"
23/05/2025,13:03:00,"223,20","386,59","3,04","656,73","0,97","172,14","678,92","60,08","0,05","6726,92","6,73"
23/05/2025,13:06:00,"221,90","384,34","4,21","896,50","0,96","265,80","935,08","60,02","0,05","6771,75","6,77"
23/05/2025,13:09:00,"223,58","387,25","1,92","414,17","0,96","116,39","430,21","59,82","0,05","6792,45","6,79"
23/05/2025,13:12:00,"223,46","387,04","4,18","866,96","0,93","347,20","933,90","59,91","0,05","6835,80","6,84"
23/05/2025,13:15:00,"221,57","383,77","0,88","182,84","0,94","66,26","194,48","59,87","0,05","6844,94","6,84"
23/05/2025,13:18:00,"223,11","386,45","0,92","199,23","0,97","48,62","205,08","60,05","0,05","6854,91","6,85"
23/05/2025,13:21:00,"223,65","387,38","3,13","668,22","0,96","207,41","699,67","59,93","0,05","6888,32","6,89"
23/05/2025,13:24:00,"222,64","385,62","2,80","600,27","0,96","171,31","624,24","59,99","0,05","6918,33","6,92"
23/05/2025,13:27:00,"223,25","386,68","2,00","420,75","0,94","149,31","446,46","59,87","0,05","6939,37","6,94"
23/05/2025,13:30:00,"222,84","385,98","2,97","619,97","0,94","230,73","661,51","59,99","0,05","6970,37","6,97"
23/05/2025,13:33:00,"220,56","382,02","0,83","171,03","0,93","67,16","183,75","59,97","0,05","6978,92","6,98"
23/05/2025,13:36:00,"221,77","384,12","1,34","289,49","0,97","71,72","298,24","60,05","0,05","6993,39","6,99"
23/05/2025,13:39:00,"221,89","384,32","5,09","1068,85","0,95","364,25","1129,21","60,18","0,05","7046,84","7,05"
23/05/2025,13:42:00,"223,09","386,41","3,32","691,76","0,93","266,48","741,31","59,95","0,05","7081,42","7,08"
23/05/2025,13:45:00,"221,64","383,90","1,28","270,85","0,95","85,83","284,12","60,03","0,05","7094,97","7,09"
23/05/2025,13:48:00,"221,10","382,95","2,20","468,95","0,96","132,80","487,39","60,02","0,05","7118,41","7,12"
23/05/2025,13:51:00,"223,62","387,32","5,11","1057,72","0,92","434,53","1143,50","59,98","0,05","7171,30","7,17"
23/05/2025,13:54:00,"223,63","387,34","1,24","259,68","0,94","96,92","277,18","59,91","0,05","7184,28","7,18"
23/05/2025,13:57:00,"220,87","382,55","4,05","872,22","0,97","203,13","895,56","60,26","0,05","7227,89","7,23"
23/05/2025,14:00:00,"222,59","385,53","4,40","943,10","0,96","266,81","980,12","59,90","0,05","7275,05","7,28"
23/05/2025,14:03:00,"221,92","384,37","4,35","935,72","0,97","241,09","966,28","60,19","0,05","7321,84","7,32"
23/05/2025,14:06:00,"221,87","384,29","4,61","1013,73","0,99","130,62","1022,11","59,82","0,05","7372,52","7,37"
23/05/2025,14:09:00,"222,52","385,42","1,24","272,63","0,99","38,72","275,36","60,20","0,05","7386,15","7,39"
23/05/2025,14:12:00,"221,93","384,39","4,38","950,12","0,98","206,28","972,25","60,06","0,05","7433,66","7,43"
23/05/2025,14:15:00,"223,83","387,68","2,46","524,51","0,95","169,82","551,31","59,93","0,05","7459,88","7,46"
23/05/2025,14:18:00,"224,05","388,07","3,99","843,34","0,94","296,29","893,88","59,97","0,05","7502,05","7,50"
23/05/2025,14:21:00,"222,37","385,15","2,69","562,16","0,94","205,82","598,65","60,15","0,05","7530,16","7,53"
23/05/2025,14:24:00,"221,14","383,03","3,97","845,25","0,96","241,19","878,99","60,13","0,05","7572,42","7,57"
23/05/2025,14:27:00,"223,92","387,84","1,32","293,58","0,99","37,86","296,01","59,97","0,05","7587,10","7,59"
23/05/2025,14:30:00,"222,81","385,92","2,13","452,44","0,95","146,90","475,69","59,96","0,05","7609,72","7,61"
23/05/2025,14:33:00,"223,51","387,14","4,72","1047,58","0,99","132,90","1055,98","60,03","0,05","7662,10","7,66"
23/05/2025,14:36:00,"222,38","385,18","4,50","945,06","0,94","331,36","1001,47","60,02","0,05","7709,36","7,71"
23/05/2025,14:39:00,"223,24","386,67","1,27","265,03","0,93","101,95","283,96","60,07","0,05","7722,61","7,72"
23/05/2025,14:42:00,"222,21","384,88","1,35","284,28","0,95","98,12","300,74","59,93","0,05","7736,82","7,74"
23/05/2025,14:45:00,"221,60","383,83","2,26","466,04","0,93","181,73","500,22","60,14","0,05","7760,12","7,76"
23/05/2025,14:48:00,"223,17","386,55","3,85","799,78","0,93","311,81","858,41","60,11","0,05","7800,11","7,80"
23/05/2025,14:51:00,"224,22","388,36","3,57","772,09","0,96","214,32","801,28","60,17","0,05","7838,72","7,84"
23/05/2025,14:54:00,"223,02","386,27","3,36","726,72","0,97","178,19","748,25","60,01","0,05","7875,05","7,88"
23/05/2025,14:57:00,"223,10","386,42","1,47","312,08","0,95","99,60","327,59","60,19","0,05","7890,66","7,89"
23/05/2025,15:00:00,"221,81","384,19","2,28","483,16","0,95","150,29","505,99","60,04","0,05","7914,81","7,91"
23/05/2025,15:03:00,"223,46","387,04","4,22","926,19","0,98","180,38","943,60","60,23","0,05","7961,12","7,96"
23/05/2025,15:06:00,"223,24","386,67","4,24","903,34","0,95","284,57","947,10","60,09","0,05","8006,29","8,01"
23/05/2025,15:09:00,"223,75","387,55","3,32","722,54","0,97","174,35","743,27","60,07","0,05","8042,42","8,04"
23/05/2025,15:12:00,"222,97","386,20","4,58","960,00","0,94","345,52","1020,29","60,09","0,05","8090,42","8,09"
23/05/2025,15:15:00,"224,51","388,86","3,10","648,01","0,93","255,68","696,63","59,96","0,05","8122,82","8,12"
23/05/2025,15:18:00,"221,11","382,97","0,86","176,90","0,93","67,42","189,31","60,08","0,05","8131,66","8,13"
23/05/2025,15:21:00,"221,60","383,81","4,27","885,86","0,94","334,96","947,07","59,88","0,05","8175,96","8,18"
23/05/2025,15:24:00,"221,83","384,21","2,50","516,49","0,93","201,38","554,36","59,92","0,05","8201,78","8,20"
23/05/2025,15:27:00,"222,17","384,81","1,08","239,18","0,99","28,70","240,90","60,03","0,05","8213,74","8,21"
23/05/2025,15:30:00,"224,05","388,06","4,39","950,41","0,97","256,90","984,52","60,02","0,05","8261,26","8,26"
23/05/2025,15:33:00,"223,16","386,52","2,91","628,44","0,97","160,63","648,64","59,97","0,05","8292,68","8,29"
23/05/2025,15:36:00,"223,29","386,75","1,45","309,28","0,96","92,93","322,94","60,07","0,05","8308,15","8,31"
23/05/2025,15:39:00,"223,76","387,57","1,60","351,94","0,98","70,68","358,97","59,90","0,05","8325,74","8,33"
23/05/2025,15:42:00,"224,13","388,20","2,57","535,59","0,93","211,38","575,79","59,85","0,05","8352,52","8,35"
23/05/2025,15:45:00,"221,59","383,81","4,24","878,37","0,93","334,86","940,03","60,09","0,05","8396,44","8,40"
23/05/2025,15:48:00,"221,92","384,38","3,42","709,50","0,94","267,70","758,32","59,96","0,05","8431,92","8,43"
23/05/2025,15:51:00,"221,52","383,68","1,69","355,29","0,95","117,85","374,33","59,96","0,05","8449,68","8,45"
23/05/2025,15:54:00,"223,71","387,47","2,35","482,57","0,92","207,09","525,13","59,94","0,05","8473,81","8,47"
23/05/2025,15:57:00,"221,93","384,39","3,32","691,76","0,94","251,17","735,95","60,08","0,05","8508,40","8,51"
23/05/2025,16:00:00,"222,68","385,69","3,45","753,05","0,98","148,49","767,55","60,17","0,05","8546,05","8,55"
23/05/2025,16:03:00,"222,34","385,10","4,33","942,11","0,98","196,11","962,30","60,08","0,05","8593,15","8,59"
23/05/2025,16:06:00,"224,52","388,89","0,98","211,65","0,96","59,93","219,97","60,09","0,05","8603,74","8,60"
23/05/2025,16:09:00,"222,33","385,08","1,65","358,88","0,98","77,00","367,05","59,99","0,05","8621,68","8,62"
23/05/2025,16:12:00,"221,56","383,75","1,63","346,38","0,96","104,18","361,70","60,05","0,05","8639,00","8,64"
23/05/2025,16:15:00,"223,35","386,85","0,90","187,20","0,93","71,28","200,31","59,93","0,05","8648,36","8,65"
23/05/2025,16:18:00,"221,66","383,93","4,73","967,23","0,92","405,53","1048,80","60,01","0,05","8696,72","8,70"
23/05/2025,16:21:00,"223,16","386,52","4,59","991,64","0,97","259,87","1025,12","60,07","0,05","8746,30","8,75"
23/05/2025,16:24:00,"222,35","385,12","4,27","919,11","0,97","235,67","948,85","59,99","0,05","8792,26","8,79"
23/05/2025,16:27:00,"222,12","384,72","1,24","261,61","0,95","86,74","275,62","60,16","0,05","8805,34","8,81"
23/05/2025,16:30:00,"222,25","384,94","1,60","329,53","0,93","131,53","354,81","60,00","0,05","8821,82","8,82"
23/05/2025,16:33:00,"221,78","384,14","5,20","1067,33","0,92","439,37","1154,22","59,86","0,05","8875,18","8,88"
23/05/2025,16:36:00,"219,92","380,92","4,91","985,72","0,91","438,56","1078,88","60,18","0,05","8924,47","8,92"
23/05/2025,16:39:00,"222,11","384,70","1,18","246,35","0,94","91,24","262,71","60,01","0,05","8936,79","8,94"
23/05/2025,16:42:00,"222,83","385,95","4,49","928,56","0,93","374,72","1001,32","59,94","0,05","8983,21","8,98"
23/05/2025,16:45:00,"222,06","384,62","3,84","837,16","0,98","158,36","852,00","59,78","0,05","9025,07","9,03"
23/05/2025,16:48:00,"223,32","386,81","3,93","834,88","0,95","270,92","877,74","60,14","0,05","9066,82","9,07"
23/05/2025,16:51:00,"224,71","389,21","3,61","771,30","0,95","254,13","812,09","60,02","0,05","9105,38","9,11"
23/05/2025,16:54:00,"222,91","386,09","5,04","1103,80","0,98","214,17","1124,38","59,90","0,05","9160,57","9,16"
23/05/2025,16:57:00,"220,97","382,72","1,22","250,07","0,93","98,68","268,83","60,07","0,05","9173,07","9,17"
23/05/2025,17:00:00,"222,79","385,89","3,75","792,08","0,95","267,46","836,02","59,97","0,05","9212,68","9,21"
23/05/2025,17:03:00,"222,30","385,03","3,45","753,86","0,98","137,75","766,35","59,81","0,05","9250,37","9,25"
23/05/2025,17:06:00,"223,35","386,86","3,63","797,51","0,98","150,91","811,66","60,13","0,05","9290,25","9,29"
23/05/2025,17:09:00,"221,36","383,40","4,54","982,22","0,98","210,42","1004,50","60,10","0,05","9339,36","9,34"
23/05/2025,17:12:00,"222,40","385,20","3,88","825,59","0,96","251,37","863,01","60,06","0,05","9380,64","9,38"
23/05/2025,17:15:00,"221,95","384,43","2,57","555,85","0,97","127,85","570,37","59,96","0,05","9408,43","9,41"
23/05/2025,17:18:00,"222,36","385,15","3,99","879,66","0,99","116,79","887,38","60,06","0,05","9452,41","9,45"
23/05/2025,17:21:00,"223,03","386,30","1,66","359,03","0,97","91,98","370,62","59,87","0,05","9470,36","9,47"
23/05/2025,17:24:00,"221,49","383,62","3,83","795,01","0,94","294,35","847,75","59,86","0,05","9510,11","9,51"
23/05/2025,17:27:00,"222,31","385,05","4,11","830,88","0,91","378,97","913,22","60,06","0,05","9551,66","9,55"
23/05/2025,17:30:00,"223,22","386,63","2,34","507,03","0,97","124,83","522,17","60,08","0,05","9577,01","9,58"
23/05/2025,17:33:00,"223,20","386,59","4,39","918,60","0,94","340,94","979,82","60,09","0,05","9622,94","9,62"
23/05/2025,17:36:00,"222,11","384,71","1,25","262,47","0,95","89,03","277,16","59,88","0,05","9636,06","9,64"
23/05/2025,17:39:00,"221,37","383,42","3,42","728,03","0,96","207,40","756,99","60,01","0,05","9672,47","9,67"
23/05/2025,17:42:00,"222,25","384,95","3,64","808,73","1,00","0,00","808,73","60,17","0,05","9712,90","9,71"
23/05/2025,17:45:00,"222,57","385,49","1,81","380,58","0,94","134,05","403,50","59,97","0,05","9731,93","9,73"
23/05/2025,17:48:00,"223,21","386,62","3,85","824,82","0,96","238,75","858,68","59,91","0,05","9773,17","9,77"
23/05/2025,17:51:00,"221,50","383,65","3,45","745,33","0,98","163,79","763,11","60,03","0,05","9810,44","9,81"
23/05/2025,17:54:00,"222,44","385,28","5,00","1065,23","0,96","319,79","1112,20","60,00","0,05","9863,70","9,86"
23/05/2025,17:57:00,"221,40","383,47","4,24","912,23","0,97","222,37","938,94","60,13","0,05","9909,31","9,91"
23/05/2025,18:00:00,"220,98","382,74","4,42","884,36","0,91","413,74","976,36","59,98","0,05","9953,53","9,95"
23/05/2025,18:03:00,"223,41","386,96","10,12","1996,13","0,88","1063,04","2261,55","60,16","0,05","10053,34","10,05"
23/05/2025,18:06:00,"223,20","386,60","6,77","1402,33","0,93","561,46","1510,56","60,03","0,05","10123,45","10,12"
23/05/2025,18:09:00,"222,25","384,95","7,89","1520,15","0,87","875,79","1754,38","60,04","0,05","10199,46","10,20"
23/05/2025,18:12:00,"222,67","385,67","6,65","1269,05","0,86","764,80","1481,69","60,05","0,05","10262,91","10,26"
23/05/2025,18:15:00,"221,81","384,19","12,15","2538,31","0,94","906,56","2695,34","60,01","0,05","10389,83","10,39"
23/05/2025,18:18:00,"221,69","383,97","5,55","1084,94","0,88","582,27","1231,31","60,09","0,05","10444,08","10,44"
23/05/2025,18:21:00,"223,26","386,70","10,74","2235,11","0,93","870,08","2398,49","60,10","0,05","10555,83","10,56"
23/05/2025,18:24:00,"221,67","383,94","10,75","2121,59","0,89","1083,28","2382,15","60,05","0,05","10661,91","10,66"
23/05/2025,18:27:00,"221,12","383,00","8,04","1546,46","0,87","877,56","1778,10","59,94","0,05","10739,23","10,74"
23/05/2025,18:30:00,"224,24","388,40","9,22","1925,68","0,93","750,58","2066,79","60,15","0,05","10835,52","10,84"
23/05/2025,18:33:00,"223,91","387,82","7,00","1386,25","0,88","731,76","1567,53","60,02","0,05","10904,83","10,90"
23/05/2025,18:36:00,"223,09","386,41","7,30","1457,73","0,90","725,79","1628,41","60,01","0,05","10977,72","10,98"
23/05/2025,18:39:00,"221,87","384,29","4,48","907,56","0,91","405,07","993,85","59,84","0,05","11023,09","11,02"
23/05/2025,18:42:00,"223,56","387,22","7,06","1395,27","0,88","736,66","1577,80","60,04","0,05","11092,86","11,09"
23/05/2025,18:45:00,"220,04","381,12","12,93","2608,76","0,92","1135,51","2845,17","59,96","0,05","11223,30","11,22"
23/05/2025,18:48:00,"223,23","386,64","4,25","854,26","0,90","412,57","948,67","60,02","0,05","11266,01","11,27"
23/05/2025,18:51:00,"223,71","387,47","5,39","1052,32","0,87","589,72","1206,30","60,19","0,05","11318,62","11,32"
23/05/2025,18:54:00,"223,80","387,63","4,42","931,35","0,94","335,90","990,07","60,09","0,05","11365,19","11,37"
23/05/2025,18:57:00,"223,02","386,29","10,18","2129,24","0,94","789,14","2270,77","60,12","0,05","11471,65","11,47"
23/05/2025,19:00:00,"224,17","388,27","7,07","1514,44","0,96","468,71","1585,32","60,26","0,05","11547,38","11,55"
23/05/2025,19:03:00,"223,18","386,57","8,59","1738,66","0,91","805,75","1916,29","60,14","0,05","11634,31","11,63"
23/05/2025,19:06:00,"220,63","382,14","8,92","1738,29","0,88","924,04","1968,63","59,87","0,05","11721,22","11,72"
23/05/2025,19:09:00,"222,04","384,59","5,75","1143,62","0,90","569,65","1277,64","59,99","0,05","11778,40","11,78"
23/05/2025,19:12:00,"220,73","382,31","10,41","2026,29","0,88","1084,07","2298,05","59,95","0,05","11879,72","11,88"
23/05/2025,19:15:00,"221,24","383,20","9,20","1888,60","0,93","759,18","2035,48","59,95","0,05","11974,15","11,97"
23/05/2025,19:18:00,"221,76","384,10","8,81","1869,59","0,96","569,90","1954,52","59,94","0,05","12067,63","12,07"
23/05/2025,19:21:00,"221,41","383,50","11,09","2223,41","0,91","1041,66","2455,32","59,93","0,05","12178,80","12,18"
23/05/2025,19:24:00,"224,22","388,36","8,50","1758,58","0,92","732,14","1904,90","60,21","0,05","12266,73","12,27"
23/05/2025,19:27:00,"223,14","386,50","9,50","1855,35","0,88","1024,24","2119,29","60,00","0,05","12359,50","12,36"
23/05/2025,19:30:00,"222,98","386,22","8,72","1702,35","0,88","940,38","1944,82","60,12","0,05","12444,61","12,44"
23/05/2025,19:33:00,"223,10","386,43","8,30","1632,59","0,88","875,31","1852,44","60,14","0,05","12526,24","12,53"
23/05/2025,19:36:00,"223,35","386,85","10,61","2164,82","0,91","964,99","2370,16","60,07","0,05","12634,48","12,63"
23/05/2025,19:39:00,"221,99","384,50","12,80","2506,53","0,88","1336,58","2840,62","60,04","0,05","12759,81","12,76"
23/05/2025,19:42:00,"221,60","383,83","8,51","1691,78","0,90","834,36","1886,34","60,18","0,05","12844,40","12,84"
23/05/2025,19:45:00,"223,16","386,52","6,46","1301,55","0,90","620,73","1441,99","60,05","0,05","12909,48","12,91"
23/05/2025,19:48:00,"222,26","384,96","10,62","2105,02","0,89","1068,23","2360,55","59,92","0,05","13014,73","13,01"
23/05/2025,19:51:00,"223,90","387,80","5,85","1202,71","0,92","520,59","1310,55","59,95","0,05","13074,86","13,07"
23/05/2025,19:54:00,"223,09","386,40","7,65","1529,73","0,90","757,20","1706,88","60,14","0,05","13151,35","13,15"
23/05/2025,19:57:00,"222,73","385,78","11,01","2221,36","0,91","1036,84","2451,42","59,88","0,05","13262,42","13,26"
23/05/2025,20:00:00,"223,14","386,49","9,06","1893,17","0,94","706,12","2020,57","59,95","0,05","13357,08","13,36"
23/05/2025,20:03:00,"220,68","382,23","8,49","1616,79","0,86","946,35","1873,39","60,02","0,05","13437,92","13,44"
23/05/2025,20:06:00,"222,26","384,97","8,40","1681,77","0,90","808,79","1866,14","59,83","0,05","13522,00","13,52"
23/05/2025,20:09:00,"221,84","384,23","10,27","2066,64","0,91","960,92","2279,11","59,96","0,05","13625,34","13,63"
23/05/2025,20:12:00,"222,86","386,01","7,52","1538,31","0,92","666,81","1676,61","60,09","0,05","13702,25","13,70"
23/05/2025,20:15:00,"222,60","385,56","6,01","1160,36","0,87","664,46","1337,14","60,09","0,05","13760,27","13,76"
23/05/2025,20:18:00,"222,23","384,92","4,32","902,08","0,94","331,57","961,09","60,04","0,05","13805,37","13,81"
23/05/2025,20:21:00,"222,18","384,82","7,84","1652,61","0,95","552,91","1742,65","59,99","0,05","13888,00","13,89"
23/05/2025,20:24:00,"221,73","384,05","6,28","1219,56","0,88","672,00","1392,44","60,07","0,05","13948,98","13,95"
23/05/2025,20:27:00,"222,74","385,79","5,72","1107,31","0,87","630,93","1274,45","60,02","0,05","14004,35","14,00"
23/05/2025,20:30:00,"222,50","385,38","6,17","1253,45","0,91","561,51","1373,47","60,10","0,05","14067,02","14,07"
23/05/2025,20:33:00,"222,40","385,21","5,69","1178,19","0,93","464,25","1266,36","59,96","0,05","14125,93","14,13"
23/05/2025,20:36:00,"221,47","383,60","11,83","2275,82","0,87","1298,48","2620,19","59,97","0,05","14239,72","14,24"
23/05/2025,20:39:00,"222,40","385,21","4,64","975,11","0,95","335,49","1031,21","60,06","0,05","14288,48","14,29"
23/05/2025,20:42:00,"222,02","384,55","4,79","987,13","0,93","397,58","1064,19","60,21","0,05","14337,83","14,34"
23/05/2025,20:45:00,"224,13","388,21","9,90","2049,51","0,92","848,76","2218,31","59,99","0,05","14440,31","14,44"
23/05/2025,20:48:00,"222,51","385,39","7,05","1452,02","0,93","596,34","1569,70","60,05","0,05","14512,91","14,51"
23/05/2025,20:51:00,"222,02","384,55","7,21","1458,32","0,91","660,69","1601,01","59,86","0,05","14585,83","14,59"
23/05/2025,20:54:00,"224,37","388,61","10,01","1956,29","0,87","1101,49","2245,07","59,92","0,05","14683,64","14,68"
23/05/2025,20:57:00,"222,32","385,07","7,19","1444,59","0,90","683,38","1598,08","59,87","0,05","14755,87","14,76"
23/05/2025,21:00:00,"223,83","387,69","4,11","815,77","0,89","427,57","921,03","59,85","0,05","14796,66","14,80"
23/05/2025,21:03:00,"223,49","387,10","5,86","1188,16","0,91","553,04","1310,56","59,81","0,05","14856,07","14,86"
23/05/2025,21:06:00,"221,90","384,34","9,90","1946,29","0,89","1017,61","2196,27","59,81","0,05","14953,38","14,95"
23/05/2025,21:09:00,"224,27","388,45","11,15","2168,69","0,87","1244,26","2500,28","60,00","0,05","15061,82","15,06"
23/05/2025,21:12:00,"222,54","385,46","9,30","1845,25","0,89","938,85","2070,35","60,02","0,05","15154,08","15,15"
23/05/2025,21:15:00,"221,59","383,81","8,29","1646,94","0,90","814,13","1837,17","59,94","0,05","15236,42","15,24"
23/05/2025,21:18:00,"222,16","384,79","9,36","1905,55","0,92","831,68","2079,14","59,92","0,05","15331,70","15,33"
23/05/2025,21:21:00,"222,10","384,69","11,38","2311,78","0,91","1021,10","2527,25","59,83","0,05","15447,29","15,45"
23/05/2025,21:24:00,"222,70","385,74","5,92","1216,43","0,92","510,26","1319,11","60,17","0,05","15508,11","15,51"
23/05/2025,21:27:00,"223,17","386,55","4,93","1044,60","0,95","344,89","1100,06","59,88","0,05","15560,34","15,56"
23/05/2025,21:30:00,"222,14","384,75","10,67","2116,39","0,89","1065,84","2369,63","59,93","0,05","15666,16","15,67"
23/05/2025,21:33:00,"222,96","386,17","8,43","1647,25","0,88","905,16","1879,56","59,83","0,05","15748,52","15,75"
23/05/2025,21:36:00,"220,04","381,13","9,56","1908,55","0,91","883,07","2102,95","59,96","0,05","15843,95","15,84"
23/05/2025,21:39:00,"224,63","389,06","9,59","1985,78","0,92","835,87","2154,53","59,93","0,05","15943,24","15,94"
23/05/2025,21:42:00,"223,47","387,06","6,41","1279,26","0,89","645,40","1432,85","60,06","0,05","16007,20","16,01"
23/05/2025,21:45:00,"222,53","385,44","7,25","1482,10","0,92","637,37","1613,34","60,09","0,05","16081,31","16,08"
23/05/2025,21:48:00,"222,51","385,39","9,05","1892,85","0,94","689,95","2014,68","60,14","0,05","16175,95","16,18"
23/05/2025,21:51:00,"221,27","383,25","6,16","1253,69","0,92","535,66","1363,33","60,20","0,05","16238,64","16,24"
23/05/2025,21:54:00,"222,64","385,62","11,38","2325,64","0,92","1005,69","2533,77","60,17","0,05","16354,92","16,35"
23/05/2025,21:57:00,"224,27","388,45","11,19","2380,21","0,95","793,73","2509,06","59,80","0,05","16473,93","16,47"
23/05/2025,22:00:00,"221,37","383,43","12,37","2457,43","0,90","1208,76","2738,63","59,95","0,05","16596,80","16,60"
23/05/2025,22:03:00,"223,10","386,42","4,67","926,80","0,89","478,05","1042,82","59,97","0,05","16643,14","16,64"
23/05/2025,22:06:00,"224,71","389,21","4,00","840,85","0,94","316,12","898,31","60,06","0,05","16685,18","16,69"
23/05/2025,22:09:00,"221,93","384,40","7,23","1436,78","0,89","716,09","1605,34","59,95","0,05","16757,02","16,76"
23/05/2025,22:12:00,"221,01","382,80","4,80","894,32","0,84","569,78","1060,41","60,09","0,05","16801,74","16,80"
23/05/2025,22:15:00,"222,92","386,10","7,70","1470,70","0,86","886,09","1717,01","59,91","0,05","16875,27","16,88"
23/05/2025,22:18:00,"222,55","385,47","7,60","1490,21","0,88","798,74","1690,77","60,14","0,05","16949,78","16,95"
23/05/2025,22:21:00,"222,04","384,59","6,40","1300,43","0,92","571,05","1420,28","60,00","0,05","17014,80","17,01"
23/05/2025,22:24:00,"221,81","384,19","9,55","1989,81","0,94","729,77","2119,41","60,20","0,05","17114,29","17,11"
23/05/2025,22:27:00,"222,73","385,78","9,15","1928,28","0,95","663,04","2039,09","59,93","0,05","17210,71","17,21"
23/05/2025,22:30:00,"221,63","383,87","7,98","1624,27","0,92","697,69","1767,78","59,91","0,05","17291,92","17,29"
23/05/2025,22:33:00,"222,74","385,79","5,98","1219,87","0,92","532,22","1330,92","60,00","0,05","17352,92","17,35"
23/05/2025,22:36:00,"222,38","385,17","5,38","1110,68","0,93","445,16","1196,57","59,92","0,05","17408,45","17,41"
23/05/2025,22:39:00,"222,29","385,01","10,66","2145,91","0,91","1002,93","2368,71","59,87","0,05","17515,74","17,52"
23/05/2025,22:42:00,"222,06","384,63","9,40","1968,96","0,94","690,58","2086,56","60,04","0,05","17614,19","17,61"
23/05/2025,22:45:00,"220,65","382,17","10,20","1949,08","0,87","1127,14","2251,53","59,96","0,05","17711,65","17,71"
23/05/2025,22:48:00,"222,33","385,08","10,09","2020,42","0,90","975,71","2243,68","59,98","0,05","17812,67","17,81"
23/05/2025,22:51:00,"223,18","386,57","4,64","894,71","0,86","521,83","1035,77","60,04","0,05","17857,40","17,86"
23/05/2025,22:54:00,"220,94","382,69","9,09","1871,78","0,93","728,58","2008,58","59,99","0,05","17950,99","17,95"
23/05/2025,22:57:00,"223,50","387,10","9,41","1815,71","0,86","1059,15","2102,05","60,03","0,05","18041,78","18,04"
23/05/2025,23:00:00,"221,27","383,25","7,68","1593,11","0,94","592,86","1699,85","60,16","0,05","18121,43","18,12"
23/05/2025,23:03:00,"222,29","385,02","5,74","1168,73","0,92","510,33","1275,29","59,99","0,05","18179,87","18,18"
23/05/2025,23:06:00,"223,02","386,28","6,63","1282,97","0,87","734,70","1478,44","59,98","0,05","18244,02","18,24"
23/05/2025,23:09:00,"221,53","383,70","8,13","1547,23","0,86","920,49","1800,34","59,95","0,05","18321,38","18,32"
23/05/2025,23:12:00,"222,10","384,68","4,88","938,97","0,87","541,70","1084,02","60,23","0,05","18368,33","18,37"
23/05/2025,23:15:00,"223,14","386,48","9,13","1887,85","0,93","767,03","2037,72","60,20","0,05","18462,72","18,46"
23/05/2025,23:18:00,"223,18","386,55","4,66","967,54","0,93","383,63","1040,82","60,13","0,05","18511,10","18,51"
23/05/2025,23:21:00,"221,10","382,95","7,42","1462,02","0,89","743,09","1640,02","59,82","0,05","18584,20","18,58"
23/05/2025,23:24:00,"223,11","386,43","11,08","2110,36","0,85","1287,87","2472,29","60,06","0,05","18689,72","18,69"
23/05/2025,23:27:00,"224,07","388,10","10,22","1958,87","0,86","1184,45","2289,12","59,88","0,05","18787,66","18,79"
23/05/2025,23:30:00,"221,65","383,90","9,28","1912,15","0,93","759,33","2057,40","60,01","0,05","18883,27","18,88"
23/05/2025,23:33:00,"222,71","385,75","7,60","1426,51","0,84","910,76","1692,46","60,09","0,05","18954,59","18,95"
23/05/2025,23:36:00,"221,84","384,24","7,18","1485,50","0,93","575,51","1593,09","59,97","0,05","19028,87","19,03"
23/05/2025,23:39:00,"222,82","385,94","11,07","2260,95","0,92","987,10","2467,03","60,10","0,05","19141,92","19,14"
23/05/2025,23:42:00,"223,56","387,21","6,87","1288,12","0,84","836,21","1535,74","59,97","0,05","19206,32","19,21"
23/05/2025,23:45:00,"221,92","384,37","5,81","1214,19","0,94","433,15","1289,14","59,88","0,05","19267,03","19,27"
23/05/2025,23:48:00,"225,05","389,79","9,50","1873,94","0,88","1028,94","2137,85","59,79","0,05","19360,73","19,36"
23/05/2025,23:51:00,"221,62","383,85","9,24","1852,52","0,90","871,39","2047,23","60,06","0,05","19453,35","19,45"
23/05/2025,23:54:00,"222,61","385,58","3,95","817,52","0,93","321,39","878,42","59,97","0,05","19494,23","19,49"
23/05/2025,23:57:00,"223,61","387,30","7,56","1533,48","0,91","712,46","1690,90","60,05","0,05","19570,90","19,57"
